Key,Comment,Japanese_Steam,English_Steam,Traditional Chinese_Steam,Simplified Chinese_Steam
Akiho Fallen Scene,注釈,闇堕ちシーン,闇堕ちシーン,闇堕ちシーン,暗堕ちシーン
Akiho.Fallen1-1,明穂,「くっ、がっちり拘束されて抜け出せない…っ」,"「Tch, I'm tightly restrained and can't get out...!」",「咕……被拘束得好緊住，掙脫不了……」,「咕……被拘束得好紧住，挣脱不了……」
,Akiho darkness 1-1 ,,,,
Akiho.Fallen1-2,,明穂は財団アジトの奥深くの人体実験室に胸を露出させられた状態で拘束されていた,Akiho was bound with her breasts exposed in a human experiment room deep inside the Foundation's hideout.,明穗被束縛在福倫財團基地深處的人體實驗室，胸部被暴露出來。,明穗被束缚在福伦财团基地深处的人体实验室，胸部被暴露出来。
,,,,,
Akiho.Fallen1-3,戦闘員,「ふふ、いかに聖核戦姫のお前でもこれだけ拘束されていれば逃げられないだろ？」,"「Hmmm, even you, the Seikaku Princess, can't escape when you're bound like this, can you?」",「嘿嘿，就算是聖核戰姬的你，被這麼緊緊束縛著也逃不掉吧？」,「嘿嘿，就算是圣核战姬的你，被这么紧紧束缚著也逃不掉吧？」
,,,,,
Akiho.Fallen1-4,明穂,「…私がいなくなったことが分かれば、いつか六花か他の先輩が助けに来てくれる！」,"「...If they know I'm gone, someday Rikka or one of the other seniors will come to my rescue!」",「……一旦他們發現我不在，六花或其他前輩肯定會來救我的！」,「……一旦他们发现我不在，六花或其他前辈肯定会来救我的！」
,,,,,
Akiho.Fallen1-5,戦闘員,「ああ、まあお前は水無瀬六花をおびき寄せるのに役に立ってもらう予定だからな」,"「Yeah, well, that's the plan. we are using you to help us lure Minase Rikka.」",「啊，是啊，你將被用來當作水無瀬六花的誘餌，這是計劃中的一部分。」,「啊，是啊，你将被用来当作水无瀬六花的诱饵，这是计划中的一部分。」
,,,,,
Akiho.Fallen1-6,明穂,「…それが目的ならこんな胸が出るような拘束しなくてもいいじゃない！なんでわざわざ拘束するのっ？！」,"「If that's your goal, you don't have to restrain me in such a way that my breasts show! Why bother restraining them at all?」",「…如果是這種目的的話，根本不需要這樣暴露胸部的拘束啊！為什麼非得特意把我弄成這樣呢！」,「…如果是这种目的的话，根本不需要这样暴露胸部的拘束啊！为什么非得特意把我弄成这样呢！」
,,,,,
Akiho.Fallen1-7,戦闘員,「ああ、お前は改造されて財団の役に立ってもらうんだよ。聖核戦姫を研究して俺達の手駒にするってわけだ」,「Your body will be transformed into a tool useful to the Foundation. We will study the Seikaku Princess and turn you into our pawn.」,「你的身體將會被改造成為對財團有用的工具。研究聖核戰姬，然後將你變為我們的棋子。」,「你的身体将会被改造成为对财团有用的工具。研究圣核战姬，然后将你变为我们的棋子。」
,,,,,
Akiho.Fallen1-8,明穂,「っ！、どんなことしたって、私が六花とか他の皆を攻撃するなんてこと絶対ないっ！」,"「I'll never attack Rikka or anyone else, no matter what you do! No matter what happen, I would never attack Rikka or anyone else!」",「！無論發生什麼事，我是絕對不會攻擊六花或大家的！」,「！无论发生什么事，我是绝对不会攻击六花或大家的！」
,,,,,
Akiho.Fallen1-9,戦闘員,「安心しろ、何もお前をバケモノに改造したリ戦闘員にするわけじゃない」,"「Don't worry, we're not going to turn you into a monster or a combatant.」",「放心吧，我們不會將你改造成怪物般的戰鬥員的。」,「放心吧，我们不会将你改造成怪物般的战斗员的。」
,,,,,
Akiho.Fallen1-10,明穂,「…？、何が目的なの…！？」,「What do you want then...?」,「…？你們的目的是什麼…！？」,「…？你们的目的是什么…！？」
,,,,,
Akiho.Fallen1-11,戦闘員,「お前を洗脳して戦わせたところで大した戦力にはならねえからな」,「Brainwashing you into fighting won't make you much of a force.」,「就算把你洗腦然後派你去戰鬥，你也算不上什麼了不起的戰力啊。」,「就算把你洗脑然后派你去战斗，你也算不上什么了不起的战力啊。」
,,,,,
Akiho.Fallen1-12,戦闘員,「お前には聖核のエネルギーを有効利用するための実験台になってもらう」,「You will be our test subject for the effective use of the Seikaku energy.」,「你將成為讓我們能夠有效利用聖核能量的實驗工具。」,「你将成为让我们能够有效利用圣核能量的实验工具。」
,Akiho darkness1-2,,,,
Akiho.Fallen1-13,明穂,「！っ、むぐっ！」,「Mmph!」,「嗯唔！」,「嗯唔！」
,,,,,
Akiho.Fallen1-14,,明穂の口にガスマスクのようなものが付けられ、胸にも装置が付けられる,A gas mask―like device is attached to Akiho's mouth and a device is also attached to his chest.,明穂的嘴巴被戴上了像防毒面具一樣的東西，胸部也裝上了裝置。,明穂的嘴巴被戴上了像防毒面具一样的东西，胸部也装上了装置。
,,,,,
Akiho.Fallen1-15,戦闘員,「これはお前の体に宿る聖核エネルギーをいじくるための装置だ。これでお前の聖核を俺達の役に立つように書き換えるってわけだ」,「This is a device to tamper with the Seikaku energy in your body. It rewrites your Seikaku to make it more useful to us.」,「這是為了調整你體內的聖核能量而設計的裝置。我們將用這個來把你的聖核置換成能為我們所用的東西。」,「这是为了调整你体内的圣核能量而设计的装置。我们将用这个来把你的圣核置换成能为我们所用的东西。」
,,,,,
Akiho.Fallen1-16,明穂,「フシューッ！、フシューッ！！もごっ？！」,「Fsshh! Fsshh!! Mmph?!」,「呼噓—！呼噓—！！唔咕？！」,「呼噓—！呼噓—！！唔咕？！」
,,,,,
Akiho.Fallen1-17,戦闘員,「よし、じゃあ稼働するぞ。お前が初めての実験台でどうなるか分からねえからそこは覚悟してくれ」,"「Alright, let's get it running. You're the first test subject for this machine, so I can't say what'll happen — be prepared for that.」",「好，那麼就啟動嘍。你作為第一個實驗工具，結果會是如何我們也不知道，所以做好心裡準備吧。」,「好，那么就启动喽。你作为第一个实验工具，结果会是如何我们也不知道，所以做好心里准备吧。」
,,,,,
Akiho.Fallen1-18,明穂,「んぐっ、んっ、んん゛っ、ゴキュッ！」,"「""Ngh... nn... nnngh... gulp」",「嗯咕嚕、嗯、嗯嗯咕嚕、咕咕！」,「嗯咕噜、嗯、嗯嗯咕噜、咕咕！」
,,,,,
Akiho.Fallen1-19,,明穂に取り付けられたマスクから口の中にピンク色の液体が注ぎ込まれる,Pink liquid pours into the mouth from the mask attached to Akiho,從明穂戴上的面具中，粉紅色的液體被強制灌入她的口中。,从明穂戴上的面具中，粉红色的液体被强制灌入她的口中。
,1－3,,,,
Akiho.Fallen1-20,明穂,「んん゛っ！？、ん゛っ♥、んぅ、ん゛っ♥♥」,「Nnngh!? Nngh♥ Nn... Nngh♥♥」,「嗯嗯呃！？嗯呃♥嗯……嗯呃♥♥」,「嗯嗯呃！？嗯呃♥嗯……嗯呃♥♥」
,,,,,
Akiho.Fallen1-21,,明穂の体からピンク色の光が立ち上り、聖核戦姫に変身した姿になる,"A pink light rises from Akiho's body, forcibly transforming her into the Seikaku Princess.",從明穂的身體中冒起粉紅色的光芒，強制把她變成聖核戰姬的模樣。,从明穂的身体中冒起粉红色的光芒，强制把她变身成圣核战姬的模样。
,,,,,
Akiho.Fallen1-22,戦闘員,「おお、ちゃんと効いたな。これはお前の聖核エネルギーを強制的に引き出す成分が入っているらしい。まあどんな副作用があるかは分からんがな」,"「Oh, it worked. It seems to contain an ingredient that forces out your Seikaku energy. Well, I don't know what the side effects are.」",「哦，效果還不錯呢。這裡添加了一種能強制提取你的聖核能量的成分。嘛，副作用如何就不得而知了。」,「哦，效果还不错呢。这里添加了一种能强制提取你的圣核能量的成分。嘛，副作用如何就不得而知了。」
,,,,,
Akiho.Fallen1-23,明穂,「んっ、♥ゴプッ♥、ん゛、んんっ♥(頭がぼーっとするっ、けど、ちょっと甘くておいしい…？)」,「Nn... ♥ Gulp♥... Nngh... Nnngh♥ (My head feels fuzzy... but it's kind of sweet and tasty...?)」,「嗯、♥咕噗♥、嗯、嗯咕♥（頭有點昏昏沉沉的，但是，有點甜...而且還蠻好吃的...？）」,「嗯、♥咕噗♥、嗯、嗯咕♥（头有点昏昏沉沉的，但是，有点甜...而且还蛮好吃的...？）」
,,,,,
Akiho.Fallen1-24,戦闘員,「じゃあいよいよ改造だな。ええとスイッチを入れて聖核エネルギー反転レーザーを照射…と。」,"「Then it's time to modify it. ""Let's turn on the switch, and the Seikaku energy reversal laser...」",「那麼，終於可以開始改造了。嗯，啟動開關，照射聖核能量反轉雷射！」,「那么，终于可以开始改造了。嗯，启动开关，照射圣核能量反转雷射！」
,１－４,,,,
Akiho.Fallen1-25,明穂,「もがっ？！んっ、♥んん゛っ！」,「Mmph?! Nn...♥ Nnngh!」,「估啊？！嗯、♥嗯嗯咕嚕！」,「估啊？！嗯、♥嗯嗯咕噜！」
,,,,,
Akiho.Fallen1-26,,装置が怪しい赤色にひかり、明穂の乳首にピンク色の光が照射される,The device flashes a suspicious red color and a pink light illuminates Akiho's nipples.,裝置發出可疑的紅色光芒，粉紅色的光線照射在明穂的乳頭上。,装置发出可疑的红色光芒，粉红色的光线照射在明穂的乳头上。
,,,,,
Akiho.Fallen1-27,戦闘員,「えー、次はレーザーを体の奥まで届かせるためにエネルギーを一転に集中させる…。これを乳首の中央部に照射すればいいんだな？」,"「'Well, next we'll concentrate the energy into a single turn to allow the laser to reach deeper into the body.... So I just need to direct this to the center of the nipple?」",「我看看，接下來為了讓雷射能夠達到身體深處，需要將能量集中…。將這個照射在乳頭的中央部...好了。」,「我看看，接下来为了让雷射能够达到身体深处，需要将能量集中…。将这个照射在乳头的中央部...好了。」
,,,,,
Akiho.Fallen1-28,1－5,キュイイイイイン―――ジリジリジリッ,Fweeeeeeeeen—Zzzzt zzzzt zzzzt!,咻咻咻咻―――滋滋滋滋――,咻咻咻咻―――滋滋滋滋――
,,,,,
Akiho.Fallen1-29,,収束したレーザーが乳首の中心に直撃し、帯電した針金を突っ込まれたかのようなチリチリとした刺激が走る,"The converging lasers hit the center of the nipple, causing a tingling sensation as if an electrified wire had been poked into the nipple.",聚焦的雷射直擊乳頭中心，像是被帶電的金屬線插入一般不斷傳來刺痛。,聚焦的雷射直击乳头中心，像是被带电的金属线插入一般不断传来刺痛。
,,,,,
Akiho.Fallen1-30,明穂,「ゴボッ！？、もがっ、ん゛っ♥♥、ん゛っ！？ゴボボッ！」,「Gblgh!? Mmph— Nngh♥♥ Nngh!? Gblblgh!」,「咕嚕！？唔噶——嗯呃♥♥嗯呃！？咕嚕咕嚕！」,「咕咚！？唔噶——嗯呃♥♥嗯呃！？咕咚咕咚！」
,,,,,
Akiho.Fallen1-31,戦闘員,「おお、ちゃんと効いてるみたいだな。」,"「Oh, it looks like it's working.」",「哦？看起來效果還不錯。」,「哦？看起来效果还不错。」
,,,,,
Akiho.Fallen1-32,明穂,「ゴボッ！♥ゴボボッ！？ん゛っ、ん゛うっ！♥(おっぱいがっ熱いっ、無理っ、止めてっ！)」,"「Gblgh!? Mmph— (My tits are so hot, please stop!)」",「咕嚕！♥咕咕咕！？嗯嗯、嗯嗯！♥（胸部好燙、我不行了、快停下！）」,「咕噜！♥咕咕咕！？嗯嗯、嗯嗯！♥（胸部好烫、我不行了、快停下！）」
,,,,,
Akiho.Fallen1-33,,体の奥深くまでレーザーが侵入し、明穂の聖核が歪なものに書き換えられていく,The laser penetrates deep into the body and rewrites Akiho's Seikaku into something distorted.,雷射深入體內，逐漸侵入明穂的聖核將其存在扭曲掉。,雷射深入体内，逐渐侵入明穂的圣核将其存在扭曲掉。
,,,,,
Akiho.Fallen1-34,明穂,「ん゛ん゛っ♥、ゴボッ！、ん゛ん゛うっ！」,「Gblgh!? Mmph— Nngh! Gblblgh!」,「嗯呃♥ 咕嚕！嗯嗯唔！」,「嗯呃♥ 咕噜！嗯嗯唔！」
,,,,,
Akiho.Fallen1-35,,刺激を逃がそうと上半身を動かすが、乳首にロックオンされたレーザーは正確に明穂の胸の中心を照射し続ける,"She tried to move her upper body to escape the stimulation, but the laser locked onto her nipple continued to precisely target the center of Akari's tits.",雖然明穂試圖擺脫刺激而不斷擺動上半身，但鎖定住乳頭的雷射精準地持續照射明穂胸部中心。,虽然明穂试图摆脱刺激而不断摆动上半身，但锁定住乳头的雷射精准地持续照射明穂胸部中心。
,,,,,
Akiho.Fallen1-36,明穂,「フシュー、♥フシューッ♥、ん゛ん゛っ♥♥、ん゛うっ♥」,「Fsshh♥ Fsshhh♥ Nnngh♥♥ Nngu♥」,「呼噓♥ 呼噓♥ 嗯呃♥♥ 嗯唔♥」,「呼噓♥ 呼噓♥ 嗯呃♥♥ 嗯唔♥」
,,,,,
Akiho.Fallen1-37,戦闘員,「後はこれを一日10時間放射し続ける…と。じゃあ明日の朝までこのまま放置すればいいのか」,"「Now, just keep radiating this for 10 hours a day... Alright, the instruction says we need to leave it like this until tomorrow morning.」",「接下來只要持續輻射這個東西十個小時就好了...。那麼就這樣放置到明天早上吧。」,「接下来只要持续辐射这个东西十个小时就好了...。那么就这样放置到明天早上吧。」
,,,,,
Akiho.Fallen1-38,明穂,「ゴボッ！？、ゴポッ、ん゛ん゛ん゛っ！♥！？ガポッ！？(無理無理無理っ！そんなにされたら死んじゃうっ！)」,"「Gblgh!? Gplgh Nnngh♥!? Gapoh!? (No, no, no! If you do that much, I'll die!)」",「咕嚕！？、咕嚕、嗯嗯嗯嗯！♥！？嘎咚！？（不行不行不行！這樣下去我會死的！）」,「咕噜！？、咕噜、嗯嗯嗯嗯！♥！？嘎咚！？（不行不行不行！这样下去我会死的！）」
,,,,,
Akiho.Fallen1-39,戦闘員,「じゃあ明穂ちゃん明日の朝まで頑張ってくれ。俺は寝るから10時間後に迎えに来てやる。」,"「Alright, Akiho-chan, hang in there until tomorrow morning. I'm going to sleep, so I'll come pick you up in 10 hours.」",「那明穂你加油喔。我要去睡覺了，10小時後回來接你。」,「那明穂你加油喔。我要去睡觉了，10小时后回来接你。」
,,,,,
Akiho.Fallen1-40,明穂,「ガボッ！、ゴボッっ(まってっ！とめてっ！10時間もこんなの無理っ！)」,「Gblgh! Gblgh! (Wait! Stop! There's no way I can endure this for 10 hours!)」,「嘎嚕！、咕嚕嗯(等等！停下來！這樣持續10小時太過分了！)」,「嘎噜！、咕噜嗯(等等！停下来！这样持续10小时太过分了！)」
,,,,,
Akiho.Fallen1-41,戦闘員,「ははっ、何言ってるかわかんねえな。大丈夫、死にやしねえさ。じゃあ明日の朝な」,"「I don't know what you're talking about. Don't worry, you're not going to die. I'll see you in the morning.」",「哈哈，你在說什麼我聽不到啦。沒事的，你不會死的。那明天早上見嘍。」,「哈哈，你在说什么我听不到啦。没事的，你不会死的。那明天早上见喽。」
,,,,,
Akiho.Fallen1-42,明穂,「…！ガボッ！、ガボッ！ん゛ん゛っ！、ん゛っ！(やだやだやだっ！行かないでっ！)」,「...! Gblgh! Gblgh! Nnngh! Nngh! (No no no! Don't leave me!)」,「…！嘎嚕！、嘎嚕！嗯嗯嗯嗯！、嗯嗯！（不要不要不要！不要離開我！）」,「…！嘎噜！、嘎噜！嗯嗯嗯嗯！、嗯嗯！（不要不要不要！不要离开我！）」
,,,,,
Akiho.Fallen1-43,,そして実験室の扉は閉められ、明穂は暗闇の中一人で乳首を改造され続けるのだった,"The door to the laboratory was then closed, and Akiho was left alone in the darkness to continue having her nipples remodeled.",實驗室的門被關上，留下明穂獨自一人在黑暗中持續被改造乳頭。,实验室的门被关上，留下明穂独自一人在黑暗中持续被改造乳头。
,,,,,
Akiho.Fallen1-44,,次の日の朝,The next morning,隔天早上,隔天早上
,1ｰ6,,,,
Akiho.Fallen1-45,明穂,「…フシュ―――……フシュ―――」,「...fsh―――......fsh―――」,「…呼―――……呼―――」,「…呼―――……呼―――」
,,,,,
Akiho.Fallen1-46,戦闘員,「明穂ちゃんおはよう！おお、すげえ一晩で胸がめちゃくちゃでかくなってるな！」,"「Good morning, Akiho-chan! Oh wow, your breasts have gotten insanely big overnight!」",「明穗醬，早安啊！哇，才一個晚上胸部變得好大啊！」,「明穗酱，早安啊！哇，才一个晚上胸部变得好大啊！」
,,,,,
Akiho.Fallen1-47,1－7,そう言うと研究員の男はレーザーを止め、マスクと胸の装置を取り外す,The researcher man then stops the laser and removes the mask and chest device.,男研究員停下激光，取下面罩和胸部裝置。,男研究员停下激光，取下面罩和胸部装置。
,,,,,
Akiho.Fallen1-48,明穂,「カポッ…………、うぁ……お、…わった…？」,"「............, ugh...... oh,...did it end...?」",「…………、唔……唔、…結束了…？」,「…………、唔……唔、…结束了…？」
,,,,,
Akiho.Fallen1-49,,そしてマスクで見えなかった下方向が目に入る,And finally Akiho get to look downward. She wasn't able see because her vision was blocked by mask.,明穗的視線開始往下看，終於看到了之前因為口罩被擋住的下方。,明穗的视线开始往下看，终于看到了之前因为口罩被挡住的下方。
,,,,,
Akiho.Fallen1-50,1－8,「―――え…っ！なに、これっ、わたしのおっぱい…なの！？」,"「What is this? What, are these my boobs?」",「―――欸…！這、這是什麼，這個是，我的胸部嗎！？」,「―――欸…！这、这是什么，这个是，我的胸部吗！？」
,,,,,
Akiho.Fallen1-51,戦闘員,「そうだぜ明穂ちゃん。一晩でこんなに胸が大きくなったんだ！実験は成功だな！」,"「That's right, Akiho-chan. Your breasts got this big overnight! The experiment was a success!」",「是唷，明穗。才一晚上胸部就變得這麼大了！實驗成功了！」,「是唷，明穗。才一晚上胸部就变得这么大了！实验成功了！」
,,,,,
Akiho.Fallen1-52,明穂,「～～ううっ、こんなのっ、やだっ、もう聖核戦姫として戦えないっ！」,「Noo...! I can't fight as a Seikaku Princess like this!」,「～～唔唔，我不要...這樣，我無法再作為聖核戰姬戰鬥了！」,「～～唔唔，我不要...这样，我无法再作为圣核战姬战斗了！」
,,,,,
Akiho.Fallen1-53,戦闘員,「なんだ、その体でまだ自分を聖核戦姫だとでも思ってたのか？」,"「Wait what, you still think you're a Seikaku Princess with that kind of body?」",「什麼啊？身體變成這樣了自認為聖核戰姬嗎？」,「什么啊？身体变成这样了自认为圣核战姬吗？」
,,,,,
Akiho.Fallen1-54,明穂,「…っ、私はまだ負けてないっ！諦めなければ助けが―――」,"「...I'm not defeated yet! If I don't give up, help will―――」",「…唔，我還沒輸！只要不放棄，救援遲早會―――」,「…唔，我还没输！只要不放弃，救援迟早会―――」
,,,,,
Akiho.Fallen1-55,戦闘員,「お前がもう聖核戦姫として終わってるという事を見せてやるよ、おらっ！」,「I'll show you that you're already finished as a Seikaku Princess. Take this!」,「那就讓你認清一下你已經無法再作為聖核戰姬存在的事實，喔啦！」,「那就让你认清一下你已经无法再作为圣核战姬存在的事实，喔啦！」
,,,,,
Akiho.Fallen1-56,1－9,研究員の男が明穂の肥大化し敏感になった胸を乱暴につかんで持ち上げる,A researcher man roughly grabs and lifts Akiho's enlarged and sensitive breasts.,研究員的男性粗暴地抓住明穗變得膨脹且敏感的胸部，將其提起。,研究员的男性粗暴地抓住明穗变得膨胀且敏感的胸部，将其提起。
,,,,,
Akiho.Fallen1-57,明穂,「ひあっ♥、ん゛っ～～～、やめてっ♥！触らないでっ！」,"「Oh, no, no, don't! Don't touch me!」",「啊♥、嗯～～～、不要♥！不要碰我！」,「啊♥、嗯～～～、不要♥！不要碰我！」
,,,,,
Akiho.Fallen1-58,戦闘員,「うおっ、すげえボリュームっ！ええとどうやるんだったかな？乳首の根元をしっかり握って根元を絞る…。」,"「Wow, that's a lot of volume! Uh, how was I supposed to do that? It says squeeze the base of the nipple and squeeze the base of the nipple...」",「喔喔，好有厚重感！嗯，接下來該怎麼做來著？緊握住乳頭根部，然後擠壓根部…。」,「喔喔，好有厚重感！嗯，接下来该怎么做来著？紧握住乳头根部，然后挤压根部…。」
,,,,,
Akiho.Fallen1-59,,研究員の男は明穂の胸をつかみ、先端に向かって絞るように揉み続ける,The researcher man grabs Akiho's breasts and continues to squeeze them as if squeezing them toward the tip.,研究員的男性抓住明穗的胸部，持續向前端擠壓揉捏。,研究员的男性抓住明穗的胸部，持续向前端挤压揉捏。
,,,,,
Akiho.Fallen1-60,明穂,「ひぎっ、そんなに締めないでっ♥、痛いっ！」,"「No, don't tighten it so tight, it hurts!」",「嗚咿、不要這麼捏♥，好痛！」,「呜咿、不要这么捏♥，好痛！」
,,,,,
Akiho.Fallen1-61,戦闘員,「おお痛かったか、何せやったことが無いからな、我慢してくれ」,"「Oh, that hurt? I've never done that before, so bear with me.」",「哦，很痛嗎？畢竟我沒做過這種事情，請忍耐一下吧」,「哦，很痛吗？毕竟我没做过这种事情，请忍耐一下吧」
,,,,,
Akiho.Fallen1-62,,そう言うと研究員の男は明穂の胸を研究するように強弱をつけたり位置を変えたりして揉み方を試行錯誤していく,"Then, the researcher man, as if studying Akiho's breasts, changes the strength and position of her breasts, and goes through a trial and error process of how to rub them.",這樣說著，研究員的男性開始像研究一樣，不斷調整力道和位置，試著摸索出揉捏的方法。,这样说著，研究员的男性开始像研究一样，不断调整力道和位置，试著摸索出揉捏的方法。
,,,,,
Akiho.Fallen1-63,明穂,「ひぎっ、やあぁ♥、はなしてっ♥、んぁあ♥」,"「Higii, nooo♥ let go♥ nyaaah♥」",「嗚咿、嗨♥、放開我♥、嗯啊♥」,「呜咿、嗨♥、放开我♥、嗯啊♥」
,,,,,
Akiho.Fallen1-64,,知らない男に胸を揉まれているのに、明穂は胸を揉まれることに経験したことのない快感を感じて甘い声を漏らす,"A stranger is rubbing her breasts, but Akiho feels a pleasure she has never experienced before from having her breasts rubbed, and she lets out a sweet voice.",明穗被一個陌生男子揉胸，卻感受到從未體驗過的快感，發出甜美的聲音。,明穗被一个陌生男子揉胸，却感受到从未体验过的快感，发出甜美的声音。
,,,,,
Akiho.Fallen1-65,明穂,(こんな男に揉まれてるのにっ、おっぱい気持ち良すぎるっ♥、だめなのにぃっ♥),"(I'm being rubbed by this guy, my tits feel too good, even though I know it's wrong♥)",被這樣的男人摸著我的胸部，胸部感覺太舒服了♥，明明這樣是不行的！♥,被这样的男人摸著我的胸部，胸部感觉太舒服了♥，明明这样是不行的！♥
,,,,,
Akiho.Fallen1-66,戦闘員,「お、こんな感じか？この胸の感じからして入ってると思うんだよな～？」,"「'Oh, like this? I think it's in there from the way these breasts feel~?」",「嗯，是這裡嗎？從這胸部的感覺來看，我想應該是在這裡才對的啊～？」,「嗯，是这里吗？从这胸部的感觉来看，我想应该是在这里才对的啊～？」
,,,,,
Akiho.Fallen1-67,明穂,「入ってるってっ！？、ひぎゅぅ♥、何を、やあっ♥♥、言ってるの？」,「It's in there? What are you saying?」,「這裡！？唔咿♥，你在說些什麼啊♥♥？」,「在这里！？唔咿♥，你在说些什么啊♥♥？」
,,,,,
Akiho.Fallen1-68,,明穂の疑問に答えることなく、研究員は絞るように胸を揉み続ける,"Without answering Akiho's question, the researcher continues to rub her breasts as if squeezing them.",無視明穗的問題，研究員繼續寧捏著胸部。,无视明穗的问题，研究员继续宁捏著胸部。
,,,,,
Akiho.Fallen1-69,明穂,「ひあっ♥、おっぱいっ♥、何か来ちゃうっ、胸の奥から上がってくるっ♥♥、なにっ、これぇっ♥♥」,「Hyaa♥ My breast♥ Something's coming♥ It's rising up from deep inside my breast♥♥ What is this♥♥」,「嗯啊♥，胸部♥，有什麼東西要來了♥，從胸部深處♥♥，這是什麼，這個♥♥」,「嗯啊♥，胸部♥，有什么东西要来了♥，从胸部深处♥♥，这是什么，这个♥♥」
,,,,,
Akiho.Fallen1-70,戦闘員,「お、ついに出るか？おら頑張れ、このまま絞ってやるからそのまま出せっ、！」,"「Oh, is it finally coming out? Come on, hang in there. I'll keep squeezing, so just let it out!」",「噢，終於要出來了嗎？加油啊，我會繼續用力的，就這樣給妳弄出來！」,「噢，终于要出来了吗？加油啊，我会继续用力的，就这样给妳弄出来！」
,,,,,
Akiho.Fallen1-71,明穂1－10,「ひぁっ♥♥、んんっ♥、んぁっ♥、あああぁぁぁぁ～～～～ッッ♥♥♥♥」,「Hyaa♥♥ Nnngh♥ Nyaa♥ Aaaaahhhhh～～～～ッッ♥♥♥♥」,「嗚啊♥♥、嗯嗯♥、嗯啊♥、啊啊啊啊～～～～啊啊♥♥♥♥」,「呜啊♥♥、嗯嗯♥、嗯啊♥、啊啊啊啊～～～～啊啊♥♥♥♥」
,,,,,
Akiho.Fallen1-72,,明穂の性感が絶頂に達すると同時に、明穂の両乳首から白濁色の母乳が勢いよく噴射される,"As soon as Akiho's sexual sensation reaches its climax, white-colored mother's milk spurts vigorously from both of her nipples.",感度達到巔峰的同時，明穗的雙乳頭中迸射出濁白色的母乳。,感度达到巅峰的同时，明穗的双乳头中迸射出浊白色的母乳。
,,,,,
Akiho.Fallen1-73,明穂,「んお゛♥♥お゛、♥♥、おお゛っ、とまらないぃ♥♥」,"「Nngh♥♥ Ohh♥♥ Oohh, it won't stop♥♥」",「嗯哦♥♥哦、♥♥、哦哦っ、停不下來♥♥」,「嗯哦♥♥哦、♥♥、哦哦っ、停不下来♥♥」
,,,,,
Akiho.Fallen1-74,戦闘員,「おお～すげえ！ちゃんと出たな！おら頑張れ明穂ちゃん！全部出せ！」,"「Oh, wow! You got it right! Come on, Akiho-chan, give it all out! Give me everything!」",「哇～厲害！終於出來了！加油，明穗！全部噴出來！」,「哇～厉害！终于出来了！加油，明穗！全部喷出来！」
,,,,,
Akiho.Fallen1-75,明穂,「んおっ♥、んっ♥、んっ♥♥、んぁあああぁぁ～～～♥♥♥♥」,「Nnoh♥ Nn♥ Nn♥♥ Nyaaaaa～～～♥♥♥♥」,「哦♥、嗯♥、嗯♥♥、啊啊啊啊～～～♥♥♥♥」,「哦♥、嗯♥、嗯♥♥、啊啊啊啊～～～♥♥♥♥」
,,,,,
Akiho.Fallen1-76,1－11,そして明穂の胸から数回母乳が発射され、絞っても出なくなる,"Several bursts of milk shot out from Akari's tits, and eventually, nothing came out even when squeezed.",明穗的胸部射出好幾次母乳，直到怎麼擠壓後都出不來了。,明穗的胸部射出好几次母乳，直到怎么挤压后都出不来了。
,,,,,
Akiho.Fallen1-77,戦闘員,「よしよし沢山出たな～、偉いぞ？研究は成功だ！」,"「Good, good, a lot came out~ You did great, huh? The experiment was a success!」",「好棒好棒，出來了很多呢～，做得很好！研究成功了！」,「好棒好棒，出来了很多呢～，做得很好！研究成功了！」
,,,,,
Akiho.Fallen1-78,明穂,「はぁ♥、はぁ♥、ううっ♥♥……」,"「Hah ♥, hah ♥, ugh ♥ ♥ ......」",「哈啊♥、哈啊...♥、嗚♥♥……」,「哈啊♥、哈啊...♥、呜♥♥……」
,,,,,
Akiho.Fallen1-79,,妊娠してもいないのに大量の母乳を噴いた余韻で、明穂は全身に幸福感を感じていた,"In the aftermath of spewing a large amount of mother's milk, even though she was not pregnant, Akiho felt a sense of euphoria all over her body.",儘管並未懷孕，明穗卻在大量母乳噴發的餘韻中感受到全身到幸福的感覺。,尽管并未怀孕，明穗却在大量母乳喷发的余韵中感受到全身到幸福的感觉。
,,,,,
Akiho.Fallen1-80,戦闘員,「じゃあまた装置つけるから今度は夜だ。次は一リットル噴けるように頑張ってくれ」,"「Alright, I'll attach the device again. This time it'll be until tonight. Try your best to spray one liter next time.」",「那麼，這個再幫你裝上喔，下次的目標是射一公升出來，聽到了嗎」,「那么，这个再帮你装上喔，下次的目标是射一公升出来，听到了吗」
,,,,,
Akiho.Fallen1-81,明穂,「ひぁっ！？、もう無理っ！おっぱいこれ以上大きくしないでっ！」,「Hee! I can't do this anymore! Don't make my tits any bigger!」,「嘿啊！？我已經不行了！不要再把我的胸部變大啦！」,「嘿啊！？我已经不行了！不要再把我的胸部变大啦！」
,,,,,
Akiho.Fallen1-82,戦闘員,「大丈夫だ、お前ならもっと沢山ミルクを出せる。俺達のために頑張ってくれ」,"「Don't worry, you can produce a lot more milk. Just hang in there for us.」",「沒問題，你的話一定可以擠出更多奶的。為了我們加油吧！」,「没问题，你的话一定可以挤出更多奶的。为了我们加油吧！」
,,,,,
Akiho.Fallen1-83,明穂,「やだやだやだっ！ん゛んっ！？ゴボッ♥、ん゛ん゛っ～～～♥♥♥！」,「No no no! Nnngh!? Gblgh♥ Nnngh～～～♥♥♥！」,「不要不要不要！嗯噗！？咕嚕♥、嗯噗嗯噗～～～♥♥♥！」,「不要不要不要！嗯噗！？咕噜♥、嗯噗嗯噗～～～♥♥♥！」
,,,,,
Akiho.Fallen1-84,,そして再び装置につながれた明穂に、誰にも知られることなく終わらない乳首改造が始まるのだった,"Thus, the endless nippe modification of Akari, connected to the device once again, began without anyone ever knowing.",再次被連接到裝置上的明穗，就這樣她的乳頭改造之旅開始了。,再次被连接到装置上的明穗，就这样她的乳头改造之旅开始了。