Key,Comment,Japanese,Japanese_Steam,English,Traditional Chinese,Simplified Chinese
Hisui Fallen Scene,注釈,闇堕ちシーン,闇堕ちシーン,闇堕ちシーン,闇堕ちシーン,闇堕ちシーン
,,,,,,
Hisui.Fallen1-1,ヒスイ,「………………。」,「………………。」,,「………………。」,
,,,,,,
Hisui.Fallen1-2,,「…………………………。」,「…………………………。」,,「………………。」,
,,,,,,
Hisui.Fallen1-3,,京の反逆の後、ヒスイはパワードスーツから抜け出し街中の小さなホテルに隠れていた。,京の反逆の後、ヒスイはパワードスーツから抜け出し街中の小さなホテルに隠れていた。,,反叛行動後，翡翠從動力裝甲中逃脫，躲藏在城市中一家小旅館裡。,
,,,,,,
Hisui.Fallen1-4,ヒスイ(私服),「…………っ、ダイヤさん……私……。」,「…………っ、ダイヤさん……私……。」,,「…………、黛雅……我……。」,
,,,,,,
Hisui.Fallen1-5,,「………最初から踊らされていて…いったい何のために…。」,「………最初から踊らされていて…いったい何のために…。」,,「………從一開始就被操控著…到底為了什麼…。」,
,,,,,,
Hisui.Fallen1-6,,「………うっ……♥」,「………うっ……♥」,,「………嗯……♥」,
,,,,,,
Hisui.Fallen1-7,,「こんな時なのに…財団に潜入してから体の疼きが止まらない……っ♥」,「こんな時なのに…財団に潜入してから体の疼きが止まらない……っ♥」,,「這種時候…偏偏在潛入財團後身體的疼痛不停止……♥」,
,,,,,,
Hisui.Fallen1-8,,ヒスイの手は無意識のうちに秘所へと伸び、戦闘員の時のように快楽を求めてしまう。,ヒスイの手は無意識のうちに秘所へと伸び、戦闘員の時のように快楽を求めてしまう。,,翡翠的手不自覺地伸向秘處，像是在尋求戰鬥時的快感一般。,
,,,,,,
Hisui.Fallen1-9,,クチュ…クチュッ………,クチュ…クチュッ………,,啾啾……啾啾……,
,,,,,,
Hisui.Fallen1-10,,「はあっ♥……ダイヤさんは今頃酷い事をされてるのに……♥」,「はあっ♥……ダイヤさんは今頃酷い事をされてるのに……♥」,,「呼…♥……黛雅現在應該正在受著痛苦……♥」,
,,,,,,
Hisui.Fallen1-11,,「私のせいで…♥、私が無能だったから…♥」,「私のせいで…♥、私が無能だったから…♥」,,「都怪我…♥，是因為我太無能了…♥」,
,,,,,,
Hisui.Fallen1-12,,「はあっ♥、はあっ♥、なんでっ…全然気持ちよく無い…イケないっ…♥」,「はあっ♥、はあっ♥、なんでっ…全然気持ちよく無い…イケないっ…♥」,,「呼…♥，呼…♥，為什麼…一點也不舒服…不對…♥」,
,,,,,,
Hisui.Fallen1-13,,「ううっ……これも財団に開発されたせい……っ♥、許せませんっ♥」,「ううっ……これも財団に開発されたせい……っ♥、許せませんっ♥」,,「嗚嗚……這也是財團開發的結果……♥，絕對不能原諒！」,
,,,,,,
Hisui.Fallen1-14,,その時、ヒスイの電子デバイスからアラームが鳴る。,その時、ヒスイの電子デバイスからアラームが鳴る。,,這時，翡翠的電子裝置發出警報聲。,
,,,,,,
Hisui.Fallen1-15,,『フォーレン財団の戦闘員が〇〇町へ出現！危険ですので市民の皆さんは避難してください！』,『フォーレン財団の戦闘員が〇〇町へ出現！危険ですので市民の皆さんは避難してください！』,,『福倫財團的戰鬥員出現在〇〇町！由於危險，請市民們盡快疏散！』,
,,,,,,
Hisui.Fallen1-16,ヒスイ,「……戦闘員！？しかも〇〇町って…この辺じゃないですか……」,「……戦闘員！？しかも〇〇町って…この辺じゃないですか……」,,「……戰鬥員！？而且還在〇〇町……這附近吧……」,
,,,,,,
Hisui.Fallen1-17,,「……放っておいたらまた罪の無い女の人達が戦闘員にされてしまいますね……、」,「……放っておいたらまた罪の無い女の人達が戦闘員にされてしまいますね……、」,,「……如果不管的話，又會有無辜的女性被變成戰鬥員呢……」,
,,,,,,
Hisui.Fallen1-18,,「……でも今更私なんかが戦っても………」,「……でも今更私なんかが戦っても………」,,「……但是現在的我要是參戰的話……」,
,,,,,,
Hisui.Fallen1-19,,「っ、いえ…！私は最後の聖核戦姫です…普通の戦闘員ぐらいなんてことありません…！！」,「っ、いえ…！私は最後の聖核戦姫です…普通の戦闘員ぐらいなんてことありません…！！」,,「啊、不……！我是最後的聖核戰姬……不可能變成普通的戰鬥員！！」,
,,,,,,
Hisui.Fallen1-20,,「そう…戦闘員なんて……私が全員倒します……♥」,「そう…戦闘員なんて……私が全員倒します……♥」,,「是的…像戰鬥員這樣的……我會全部擊倒的……♥」,
,,,,,,
,,,,,,
,,,,,,
Hisui.Fallen1-21,男戦闘員,「オラオラァ！女共を詰め込め！」,「オラオラァ！女共を詰め込め！」,,「喔啦喔啦！把女共塞滿！」,
,,,,,,
Hisui.Fallen1-22,,「ははっ、聖核戦姫がいなくなってからやりたい放題できて最高だな！」,「ははっ、聖核戦姫がいなくなってからやりたい放題できて最高だな！」,,「哈哈，自從聖核戰姬不在了，我們就可以隨心所欲，太棒了！」,
,,,,,,
Hisui.Fallen1-23,ヒスイ(私服),「待ちなさいっ…！」,「待ちなさいっ…！」,,「等一下…！」,
,,,,,,
Hisui.Fallen1-24,男戦闘員,「ああ？なんだぁ小娘？」,「ああ？なんだぁおまえ？」,,「啊？什麼？小娘？」,
,,,,,,
Hisui.Fallen1-25,ヒスイ,(うっ…改めて見ると戦闘員ってこんなに筋肉質で大きかったんですね…),(うっ…改めて見ると戦闘員ってこんなに筋肉質で大きかったんですね…),,「唔…再次看到，戰鬥員原來這麼肌肉發達又高大啊…」,
,,,,,,
Hisui.Fallen1-26,,(そ、それに……戦闘服の上からでもわかる……おおきな…おちん………),(そ、それに……戦闘服の上からでもわかる……おおきな…おちん………),,(而、而且……就算穿著戰鬥服也能看得出來……那個大……肌肉……),
,,,,,,
Hisui.Fallen1-27,,(な、何を考えてるんですか…！戦闘員は私の敵……倒さないとっ……),(な、何を考えてるんですか…！戦闘員は私の敵……倒さないとっ……),,(你、你在想什麼啊…！戰鬥員是我的敵人……必須打倒她……),
,,,,,,
Hisui.Fallen1-28,,「ふぉ、フォーレン財団の戦闘員…乱暴は許しません…！」,「ふぉ、フォーレン財団の戦闘員…乱暴は許しません…！」,,「福倫財團的戰鬥員…不會容忍粗暴…！」,
,,,,,,
Hisui.Fallen1-29,,「変身っ…聖核戦姫：コードヒスイ――――」,「変身っ…聖核戦姫：コードヒスイ――――」,,「變身…聖核戰姬：代碼翡翠――――」,
,,,,,,
Hisui.Fallen1-30,男戦闘員,「ああ？何言ってやがる？メスガキが…お前も戦闘員になるんだよっ！！！」,「ああ？何言ってやがる？地味女が…お前も戦闘員になるんだよっ！！！」,,「啊？你在說什麼？小娘們…你也會成為戰鬥員的！！！」,
,,,,,,
Hisui.Fallen1-31,ヒスイ,「あっ、はいっ！き、きいっ！！」,「あっ、はいっ！き、きいっ！！」,,「啊、好的！聽、聽！！」,
,,,,,,
Hisui.Fallen1-32,,男戦闘員からの命令口調に、ヒスイは反射的に戦闘員の敬礼の声を出してしまう,男戦闘員からの命令口調に、ヒスイは反射的に戦闘員の敬礼の声を出してしまう,,在男性戰鬥員的命令口吻下，翡翠反射性地發出了戰鬥員的敬禮聲音。,
,,,,,,
Hisui.Fallen1-33,,「えっ、わ、私何を言って…早く変身しないとっ……！」,「えっ、わ、私何を言って…早く変身しないとっ……！」,,「啊、我、我在說什麼… 快點變身不行……！」,
,,,,,,
Hisui.Fallen1-34,男戦闘員,「なんだぁ…こいつ？まあいい…オラッ！大人しくしやがれ！」,「なんだぁ…こいつ？まあいい…オラッ！大人しくしやがれ！」,,「這傢伙是誰？算了…喂！老老實寡言點！」,
,,,,,,
Hisui.Fallen1-35,ヒスイ,「あっ…ちょっと待ってください――――！」ドカッ！,「あっ…ちょっと待ってください――――！」ドカッ！,,「啊…請等一下——！」砰！,
,,,,,,
Hisui.Fallen1-36,,ヒスイは戦闘員によって気絶させられ、トラックの中へと詰め込まれるのだった,ヒスイは戦闘員によって気絶させられ、トラックの中へと詰め込まれるのだった,,翡翠被戰鬥員擊昏，然後被塞進卡車裡。,
,,,,,,
,暗転,,,,,
,Hisui story DLC 2-1,,,,,
Hisui.Fallen1-37,ヒスイ,(………ううっ…ここは……？),(………ううっ…ここは……？),,(………唔唔…這裡是……？),
,,,,,,
Hisui.Fallen1-38,,(…！戦闘員化施設……！？),(…！戦闘員化施設……！？),,(…！戰鬥員化設施……！？),
,,,,,,
Hisui.Fallen1-39,,(ま、まずいです…体が動かせない…早く変身…聖核戦姫に……),(ま、まずいです…体が動かせない…早く変身…聖核戦姫に……),,(糟糕了…身體動彈不得…快點變身…成為聖核戰姬……),
,,,,,,
Hisui.Fallen1-40,,【対象の意識の覚醒を確認。只今より戦闘員化プログラムを開始します。】,【対象の意識の覚醒を確認。只今より戦闘員化プログラムを開始します。】,,【確認目標意識覺醒。現在開始戰鬥員化程序。】,
,,,,,,
Hisui.Fallen1-41,ヒスイ,(戦闘員化プログラム……！…！？),(戦闘員化プログラム……！…！？),,(戰鬥員化程序……！…！？),
,,,,,,
Hisui.Fallen1-42,ヒスイ,(だ、駄目です…このままでは……また戦闘員に……♥),(だ、駄目です…このままでは……また戦闘員に……♥),,(不、不行…這樣下去的話……又要變成戰鬥員了……♥),
,,,,,,
Hisui.Fallen1-43,,(また……あの戦闘員としての……最悪な毎日が……♥),(また……あの戦闘員としての……最悪な毎日が……♥),,(又……那種作為戰鬥員的……最糟糕的每一天……♥),
,,,,,,
Hisui.Fallen1-44,,(……いえ、よく考えたら逆にチャンスでは……もう一回侵入できたのですし),(……いえ、よく考えたら逆にチャンスでは……もう一回侵入できたのですし),,(……不，仔細一想，這反而是個機會……既然已經成功再次入侵了),
,,,,,,
Hisui.Fallen1-45,,(そう……今度こそ戦闘員として完璧に振舞えば…内部から財団を倒せます……っ！),(そう……今度こそ戦闘員として完璧に振舞えば…内部から財団を倒せます……っ！),,(是的……這次只要完美地表現成為戰鬥員……就能從內部擊敗財團……！),
,,,,,,
Hisui.Fallen1-46,Hisui DLC 2-2,バチバチバチッ！！,バチバチバチッ！！,,嘭嘭嘭！！,
,,,,,,
Hisui.Fallen1-47,ヒスイ,「お゛っ♥ほお゛っ！？」,「お゛っ♥ほお゛っ！？」,,「喔♥嗚喔！？」,
,,,,,,
Hisui.Fallen1-48,ヒスイ,(うっ、うそっ…♥、こんなはずっ…！？),(うっ、うそっ…♥、こんなはずっ…！？),,(嗚、不可能…♥、怎麼會這樣…！？),
,,,,,,
Hisui.Fallen1-49,,(洗脳…前にやられた時よりっ……強力になってる……？),(洗脳…前にやられた時よりっ……強力になってる……？),,(洗腦…比之前被攻擊時更加……強大了……？),
,,,,,,
Hisui.Fallen1-50,,【戦闘員化プログラム中の不要な思考は禁止されます。】,【戦闘員化プログラム中の不要な思考は禁止されます。】,,【在戰鬥員化程序中，禁止不必要的思考。】,
,,,,,,
Hisui.Fallen1-51,ヒスイ,「き、きぃっ！」,「き、きぃっ！」,,「啊、啊！」,
,,,,,,
Hisui.Fallen1-52,,【対象者の身体能力のオーバースペックを確認。これより平均化作業へ移行します。】,【対象者の身体能力のオーバースペックを確認。これより平均化作業へ移行します。】,,【確認目標對象的身體能力過剩。接下來將進行平均化作業。】,
,,,,,,
Hisui.Fallen1-53,,(ま、まずいです…このままだと本当に洗脳されて――――――――),(ま、まずいです…このままだと本当に洗脳されて――――――――),,(糟糕了…如果這樣下去真的會被洗腦――――――――),
,,,,,,
Hisui.Fallen1-54,,バチッ！バチバチバチッ！！,バチッ！バチバチバチッ！！,,嘭！嘭嘭嘭嘭！！,
,,,,,,
Hisui.Fallen1-55,ヒスイ,「お゛お゛っ♥！？、お゛お゛っ♥！？」,「お゛お゛っ♥！？、お゛お゛っ♥！？」,,「喔喔♥！？喔喔♥！」,
,,,,,,
Hisui.Fallen1-56,,【身体能力の低下作業を進行中。戦闘員標準まで残り80%】,【身体能力の低下作業を進行中。戦闘員標準まで残り80%】,,【正在進行身體能力下降作業。距離戰鬥員標準還剩80%】,
,,,,,,
Hisui.Fallen1-57,,(まっ、まずいですっ！これっ…抵抗して…早く変身しないと…戻れなくなって――――),(まっ、まずいですっ！これっ…抵抗して…早く変身しないと…戻れなくなって――――),,(糟、糟糕了！這個...要抵抗...快點變身，不然...就回不去了―――),
,,,,,,
Hisui.Fallen1-58,,バチッ！バチバチバチッ！！,バチッ！バチバチバチッ！！,,嘭！嘭嘭嘭嘭！！,
,,,,,,
Hisui.Fallen1-59,ヒスイ,「お゛お゛っ♥！？」,「お゛お゛っ♥！？」,,「喔喔♥！？」,
,,,,,,
Hisui.Fallen1-60,,【身体能力の低下作業を進行中。戦闘員標準まで残り70%】,【身体能力の低下作業を進行中。戦闘員標準まで残り70%】,,【正在進行身體能力下降作業。距離戰鬥員標準還剩70%】,
,,,,,,
Hisui.Fallen1-61,,(まっ、待ってくださいっ…！！),(まっ、待ってくださいっ…！！),,(等、等一下...！！),
,,,,,,
Hisui.Fallen1-62,,バチッ！バチバチバチッ！！,バチッ！バチバチバチッ！！,,嘭！嘭嘭嘭嘭！！,
,,,,,,
Hisui.Fallen1-63,,「ひぐうっ！？」,「ひぐうっ！？」,,「嗚咕！」,
,,,,,,
,暗転,,,,,
,,,,,,
Hisui.Fallen1-64,,【身体能力の低下作業を進行中。戦闘員標準まで残り0%。これにて身体能力低下作業を終了します。】,【身体能力の低下作業を進行中。戦闘員標準まで残り0%。これにて身体能力低下作業を終了します。】,,【正在進行身體能力下降作業。距離戰鬥員標準還剩0%。這樣身體能力下降作業就結束了。】,
,,,,,,
Hisui.Fallen1-65,ヒスイ,(あっ♥、そ、そんなっ…！？),(あっ♥、そ、そんなっ…！？),,(啊♥、那、那樣的...！？),
,,,,,,
Hisui.Fallen1-66,,(くっ、変身っ…コード：ヒスイッ！),(くっ、変身っ…コード：ヒスイッ！),,(嗯、變身...代碼：翡翠！),
,,,,,,
Hisui.Fallen1-67,,(……っ！？変身できないっ…！？),(……っ！？変身できないっ…！？),,(......！？無法變身...！？),
,,,,,,
Hisui.Fallen1-68,,【以後対象者を“下級戦闘員K46号”と呼称します。以後自身の事はK46号と呼称するように。】,【以後対象者を“下級戦闘員K46号”と呼称します。以後自身の事はK46号と呼称するように。】,,【從現在起稱對象為“下級戰鬥員K46號”。從現在起自己也稱為K46號。】,
,,,,,,
Hisui.Fallen1-69,ヒスイ,(えっ、ま、待って…このままじゃ私…潜入どころか……本当に戦闘員になっちゃう…！？),(えっ、ま、待って…このままじゃ私…潜入どころか……本当に戦闘員になっちゃう…！？),,(欸、等、等一下…這樣下去的話我…不只是潛入……真的會變成戰鬥員嗎…！？),
,,,,,,
Hisui.Fallen1-70,,バチバチバチッ！！,バチバチバチッ！！,,嘭嘭嘭！！,
,,,,,,
Hisui.Fallen1-71,,「ひぎっ！？」,「ひぎっ！？」,,「嘿嘿！」,
,,,,,,
Hisui.Fallen1-72,,【K46号、下級戦闘員の返事は全て絶対の肯定を表す“キィーーーーーッ”です。それ以外の発声は許可なしでは禁止されます。】,【K46号、下級戦闘員の返事は全て絶対の肯定を表す“キィーーーーーッ”です。それ以外の発声は許可なしでは禁止されます。】,,【K46號，對於下級戰鬥員的回答必須以絕對肯定的“嘿———”表示。其他發聲未經允許則禁止。】,
,,,,,,
Hisui.Fallen1-73,ヒスイ,「きぃ、きぃー！？」,「きぃ、きぃー！？」,,「嘿，嘿——！？」,
,,,,,,
Hisui.Fallen1-74,,(だっ、だめ…っ！聖核戦姫の力を失ったまま洗脳されたら…本当に戦闘員に……！？),(だっ、だめ…っ！聖核戦姫の力を失ったまま洗脳されたら…本当に戦闘員に……！？),,(不、不行…！失去聖核戰姬的力量然後被洗腦…真的會變成戰鬥員嗎……！？),
,,,,,,
Hisui.Fallen1-75,,(せ、戦闘員になんて…なりたくないっ…),(せ、戦闘員になんて…なりたくないっ…),,(成為戰鬥員什麼的…我可不想…),
,,,,,,
Hisui.Fallen1-76,,(またあんな……無個性で…惨めでっ……♥),(またあんな……無個性で…惨めでっ……♥),,(又是那樣……毫無個性…可悲呢……♥),
,,,,,,
Hisui.Fallen1-77,,バチバチバチッ！！,バチバチバチッ！！,,嘿嘿嘿——！！,
,,,,,,
Hisui.Fallen1-78,ヒスイ,「きいっ！？」,「きいっ！？」,,「嘿——！？」,
,,,,,,
Hisui.Fallen1-79,,【K46号、下級戦闘員の返事は全て絶対の肯定を表す“キィーーーーーッ”です。それ以外の発声は許可なしでは禁止されます。】,【K46号、下級戦闘員の返事は全て絶対の肯定を表す“キィーーーーーッ”です。それ以外の発声は許可なしでは禁止されます。】,,【K46號，下級戰鬥員的回答皆以絕對肯定的“嘿——————！！”表示。其他發聲未經許可則禁止。】,
,,,,,,
Hisui.Fallen1-80,ヒスイ,(ち、違うっ、私は聖核戦姫っ…！力を失っても…心はまだ…聖核戦姫……だからっ♥),(ち、違うっ、私は聖核戦姫っ…！力を失っても…心はまだ…聖核戦姫……だからっ♥),,(不、不對，我是聖核戰姬…！就算失去力量…我的心依然是…聖核戰姬……所以♥),
,,,,,,
Hisui.Fallen1-81,,(K46号なんかじゃ…ないっ……♥),(K46号なんかじゃ…ないっ……♥),,(K46號才不是那樣的……♥),
,,,,,,
Hisui.Fallen1-82,,バチバチバチッ！！,バチバチバチッ！！,,嘿嘿嘿——！！,
,,,,,,
Hisui.Fallen1-83,,【K46号、下級戦闘員の返事は全て絶対の肯定を表す“キィーーーーーッ”です。それ以外の発声は許可なしでは禁止されます。】,【K46号、下級戦闘員の返事は全て絶対の肯定を表す“キィーーーーーッ”です。それ以外の発声は許可なしでは禁止されます。】,,【K46號，下級戰鬥員的回答皆以絕對肯定的“嘿——————！！”表示。其他發聲未經許可則禁止。】,
,,,,,,
Hisui.Fallen1-84,ヒスイ,「きっ、キィーーーーーーッ！？」,「きっ、キィーーーーーーッ！？」,,「嘿、嘿——————！！？」,
,,,,,,
Hisui.Fallen1-85,,(お゛っ♥！？ま、また頭がっ…抗えない……っ！？),(お゛っ♥！？ま、また頭がっ…抗えない……っ！？),,(喔♥！？頭又…無法抗拒……！？),
,,,,,,
Hisui.Fallen1-86,,【記憶の消去による人格矯正を行い、対象を完全に戦闘員へと変換します。】,【記憶の消去による人格矯正を行い、対象を完全に戦闘員へと変換します。】,,【透過記憶抹除進行人格矯正，將對象完全轉變為戰鬥員。】,
,,,,,,
Hisui.Fallen1-87,,(っ！？ま、まって…！聖核戦姫の力が無い状態で記憶の消去なんて…耐えられないっ…！),(っ！？ま、まって…！聖核戦姫の力が無い状態で記憶の消去なんて…耐えられないっ…！),,(喔！？等、等一下…！在聖核戰姬失去力量的情況下進行記憶抹除…無法忍受啊…！),
,,,,,,
Hisui.Fallen1-88,,バチバチバチッ！！,バチバチバチッ！！,,嘿嘿嘿————！！,
,,,,,,
Hisui.Fallen1-89,,「ほ゛おっ♥！？」,「ほ゛おっ♥！？」,,(喔♥！？),
,,,,,,
Hisui.Fallen1-90,,【K46号の記憶の消去を実施中。危険ですのでK46号は直ちに思考を停止してください。】,【K46号の記憶の消去を実施中。危険ですのでK46号は直ちに思考を停止してください。】,,【正在執行K46號的記憶抹除。由於存在危險，請K46號立即停止思考。】,
,,,,,,
Hisui.Fallen1-91,,「きいっ……きっ……！」,「きいっ……きっ……！」,,「嘿……嘿……！」,
,,,,,,
Hisui.Fallen1-92,,バチッ、バチバチバチッ！！,バチッ、バチバチバチッ！！,,嘿————、嘿嘿嘿————！！,
,,,,,,
Hisui.Fallen1-93,,(あっ…頭がっ…だめっ……！),(あっ…頭がっ…だめっ……！),,(啊……頭好痛……不行……！),
,,,,,,
Hisui.Fallen1-94,,(忘れちゃいけないことが…私にはたくさんあるはずっ……！),(忘れちゃいけないことが…私にはたくさんあるはずっ……！),,(不能忘記的事情…我應該有很多……！),
,,,,,,
Hisui.Fallen1-95,,【対象者の記憶を消去中…進行度10％】,【対象者の記憶を消去中…進行度10％】,,【正在抹除目標者的記憶…進度10％】,
,,,,,,
Hisui.Fallen1-96,,(私は……聖核戦姫でっ………戦わなくちゃ……),(私は……聖核戦姫でっ………戦わなくちゃ……),,(我是……聖核戰姬……必須戰鬥……),
,,,,,,
Hisui.Fallen1-97,,(ダイヤさんが……今も苦しんでいてっ……),(ダイヤさんが……今も苦しんでいてっ……),,(黛雅……現在還在受苦呢……),
,,,,,,
Hisui.Fallen1-98,,(それに……エレナ先輩もっ………！いつか取り戻して……っ！),(それに……エレナ先輩もっ………！いつか取り戻して……っ！),,(而且……艾蓮娜前輩也……！總有一天會取回來的……！),
,,,,,,
Hisui.Fallen1-99,,バチッ、バチバチバチッ！！,バチッ、バチバチバチッ！！,,嘭嘭、嘭嘭嘭嘭！！,
,,,,,,
Hisui.Fallen1-100,,「ひぎっ！？、ぎっ、きいっ！？」,「ひぎっ！？、ぎっ、きいっ！？」,,「啊咧！？咕咕、咕咕咕咕！」,
,,,,,,
Hisui.Fallen1-101,,【K46号の記憶を消去中…進行度20％】,【K46号の記憶を消去中…進行度20％】,,【K46號的記憶清除中…進度20％】,
,,,,,,
Hisui.Fallen1-102,,(お゛っ♥…！？だ、だめっ…意識を保たないと……っ！),(お゛っ♥…！？だ、だめっ…意識を保たないと……っ！),,(喔♥…！？不、不行…必須保持意識……！),
,,,,,,
Hisui.Fallen1-103,,(わ、私はせいかく…せんき……なんだから……♥),(わ、私はせいかく…せんき……なんだから……♥),,(哇、我是聖核…戰姬……所以……♥),
,,,,,,
Hisui.Fallen1-104,,(みんなを……助けないと……♥),(みんなを……助けないと……♥),,(要救……大家……♥),
,,,,,,
Hisui.Fallen1-105,,バチバチバチッ！！,バチバチバチッ！！,,嘭嘭嘭！！,
,,,,,,
Hisui.Fallen1-106,,バチバチバチッ！！,バチバチバチッ！！,,嘭嘭嘭！！,
,,,,,,
Hisui.Fallen1-107,,バチバチバチッ！！,バチバチバチッ！！,,嘭嘭嘭！！,
,,,,,,
,暗転,,,,,
,,,,,,
Hisui.Fallen1-108,Hisui story DLC 2-4,【K46号の記憶を消去中…進行度80％】,【K46号の記憶を消去中…進行度80％】,,【K46號的記憶清除中…進度80％】,
,,,,,,
Hisui.Fallen1-109,,バチバチバチッ！！,バチバチバチッ！！,,嘭嘭嘭！！,
,,,,,,
Hisui.Fallen1-110,ヒスイ,「はあっ♥、はあっ♥…お゛おおっ♥、お゛おおっ♥！？」,「はあっ♥、はあっ♥…お゛おおっ♥、お゛おおっ♥！？」,,「啊♥，啊♥…哦♥，哦♥！？」,
,,,,,,
Hisui.Fallen1-111,,(だい…じょうぶっ……私は……消えて……ないっ♥),(だい…じょうぶっ……私は……消えて……ないっ♥),,(我…沒事……我……不會消失……的♥),
,,,,,,
Hisui.Fallen1-112,,(わ……たしは……K46号……じゃなくて……),(わ……たしは……K46号……じゃなくて……),,(我……不是……K46號……),
,,,,,,
Hisui.Fallen1-113,,(せいかく……せんき………？),(せいかく……せんき………？),,(聖核……戰姬……？),
,,,,,,
Hisui.Fallen1-114,,バチバチバチッ！！,バチバチバチッ！！,,嘭嘭嘭！！,
,,,,,,
Hisui.Fallen1-115,,(あれ……なんで…この電気……気持ちいい………？),(あれ……なんで…この電気……気持ちいい………？),,(那個……為什麼…這電流……感覺舒服………？),
,,,,,,
Hisui.Fallen1-116,ヒスイ,(なんでさっきまで私は……この気持ちのいい電気の刺激に逆らって……？),(なんでさっきまで私は……この気持ちのいい電気の刺激に逆らって……？),,(為什麼剛才我……要對這種舒服的電流刺激抗拒呢……？),
,,,,,,
Hisui.Fallen1-117,,(………………！？),(………………！？),,(………………！？),
,,,,,,
Hisui.Fallen1-118,,(………！そう！助けなきゃ……！),(………！そう！助けなきゃ……！),,(………！是的！必須幫助她……！),
,,,,,,
Hisui.Fallen1-119,,(私と一緒に戦ってくれた…せいかく…せんき…の？),(私と一緒に戦ってくれた…せいかく…せんき…の？),,(和我一起戰鬥的…聖月…戰姬…的？),
,,,,,,
Hisui.Fallen1-120,,(あれ……？……なに……さん…？でしたっけ……？),(あれ……？……なに……さん…？でしたっけ……？),,(那個……？……什麼……先生…？是誰來著……？),
,,,,,,
Hisui.Fallen1-121,,(おもい…………だせない………？),(おもい…………だせない………？),,(想法…………無法表達………？),
,,,,,,
Hisui.Fallen1-122,,バチバチバチッ！！,バチバチバチッ！！,,嘭嘭嘭！！,
,,,,,,
Hisui.Fallen1-123,,(………………),(………………),,(………………),
,,,,,,
Hisui.Fallen1-124,,バチバチバチッ！！,バチバチバチッ！！,,嘭嘭嘭！！,
,,,,,,
Hisui.Fallen1-125,,バチバチバチッ！！,バチバチバチッ！！,,嘭嘭嘭！！,
,,,,,,
,,,,,,
,,,,,,
Hisui.Fallen1-126,,【K46号の記憶を消去中…進行度90％】,【K46号の記憶を消去中…進行度90％】,,【K46號的記憶清除中…進度90％】,
,,,,,,
Hisui.Fallen1-127,,バチバチバチッ！！,バチバチバチッ！！,,嘭嘭嘭！！,
,,,,,,
Hisui.Fallen1-128,ヒスイ？,(………だい……じょうぶ……です……♥),(………だい……じょうぶ……です……♥),,(………沒事……我……好……♥),
,,,,,,
Hisui.Fallen1-129,,(このでんきにも慣れてきましたから……♥),(このでんきにも慣れてきましたから……♥),,(我也漸漸習慣這電力了……♥),
,,,,,,
Hisui.Fallen1-130,,(私は……ずっと……わたしのまま……),(私は……ずっと……わたしのまま……),,(我……一直……保持著自己……),
,,,,,,
Hisui.Fallen1-131,,(私は■■■■で……■■■■■……を助けないといけなくて),(私は■■■■で……■■■■■……を助けないといけなくて),,(我在■■■■中……必須幫助■■■■■),
,,,,,,
Hisui.Fallen1-132,,(あれ………わたしの名前………？),(あれ………わたしの名前………？),,(那個……我的名字……？),
,,,,,,
Hisui.Fallen1-133,,(K……46号………じゃなくて………■■■……！),(K……46号………じゃなくて………■■■……！),,(K……46號………不是……■■■……！),
,,,,,,
Hisui.Fallen1-134,K46号,(あれ……？なんで……おもい…だせない……？),(あれ……？なんで……おもい…だせない……？),,那個……？為什麼……想不起來……？,
,,,,,,
Hisui.Fallen1-135,,(私は昔……■■■■で……■■■先輩と一緒に……？),(私は昔……■■■■で……■■■先輩と一緒に……？),,我曾經……在過去中……和■■■前輩一起……？,
,,,,,,
Hisui.Fallen1-136,,(その後……フォーレン財団から抜け出して……■■■さんと……),(その後……フォーレン財団から抜け出して……■■■さんと……),,(之後……逃離福倫財團後……■■■小姐和……),
,,,,,,
Hisui.Fallen1-137,K46号,(そして……私の名前は……■■■……！？),(そして……私の名前は……■■■……！？),,然後……我的名字是……■■■……！？,
,,,,,,
Hisui.Fallen1-138,,(おもい……だせないっ……！？),(おもい……だせないっ……！？),,想不起來……！？,
,,,,,,
Hisui.Fallen1-139,,(ちがう…っ！！……私はっ……私の敵は……！),(ちがう…っ！！……私はっ……私の敵は……！),,不對…！！……我是……我的敵人是……！,
,,,,,,
Hisui.Fallen1-140,,(名前を忘れても……K46号になっても……やるべき事は……覚えていなきゃ……！),(名前を忘れても……K46号になっても……やるべき事は……覚えていなきゃ……！),,就算忘記名字……成為K46號……應該做的事情……都不能忘記……！,
,,,,,,
Hisui.Fallen1-141,,バチバチバチッ！！,バチバチバチッ！！,,啪啪啪！！,
,,,,,,
Hisui.Fallen1-142,,【K46号の記憶を消去中…進行度95％】,【K46号の記憶を消去中…進行度95％】,,【K46號的記憶清除中…進度95％】,
,,,,,,
Hisui.Fallen1-143,,バチバチバチッ！！,バチバチバチッ！！,,啪啪啪！！,
,,,,,,
Hisui.Fallen1-144,,バチバチバチッ！！,バチバチバチッ！！,,啪啪啪！！,
,,,,,,
Hisui.Fallen1-145,,バチバチバチッ！！,バチバチバチッ！！,,啪啪啪！！,
,,,,,,
,,,,,,
,,,,,,
Hisui.Fallen1-146,,バチバチバチッ！！,バチバチバチッ！！,,啪啪啪！！,
,,,,,,
Hisui.Fallen1-147,,【K46号の記憶を消去中…進行度99％】,【K46号の記憶を消去中…進行度99％】,,【K46號的記憶清除中…進度99％】,
,,,,,,
Hisui.Fallen1-148,,【K46号の記憶を消去中…進行度100％】,【K46号の記憶を消去中…進行度100％】,,【K46號的記憶清除中…進度100％】,
,,,,,,
Hisui.Fallen1-149,K46号,「………………………。」,「………………………。」,,「………………………。」,
,,,,,,
Hisui.Fallen1-150,,【これにて記憶消去プログラムを終了します】,【これにて記憶消去プログラムを終了します】,,【記憶清除程式結束於此】,
,,,,,,
Hisui.Fallen1-151,Hisui story DLC 2-6,【最終工程、戦闘員マスクの着用を行い戦闘員化を完了します。】,【最終工程、戦闘員マスクの着用を行い戦闘員化を完了します。】,,【最終階段，穿上戰鬥員面具，完成戰鬥員化。】,
,,,,,,
,暗転,,,,,
,アジト　背景,,,,,
Hisui.Fallen1-152,,【洗脳を終了します。K46号、報告をしなさい。】,【洗脳を終了します。K46号、報告をしなさい。】,,【洗腦結束。K46號，匯報。】,
,,,,,,
Hisui.Fallen1-153,K46号,「キィーーーーーーッ！K46号、洗脳完了いたしました！」,「キィーーーーーーッ！K46号、洗脳完了いたしました！」,,「咿——！K46號，洗腦完成了！」,
,,,,,,
Hisui.Fallen1-154,,【これより下級戦闘員K23号からK50号は部隊配属及び戦闘訓練を行います。】,【これより下級戦闘員K23号からK50号は部隊配属及び戦闘訓練を行います。】,,【從這裡起，從下級戰鬥員K23號到K50號將進行部隊配屬和戰鬥訓練。】,
,,,,,,
Hisui.Fallen1-155,,【拘束を解除した後速やかに22番戦闘訓練所に移動してください。】,【拘束を解除した後速やかに22番戦闘訓練所に移動してください。】,,【解除束縛後，請立即前往22號戰鬥訓練所。】,
,,,,,,
Hisui.Fallen1-156,K46号,「キィーーーーーーッ！」,「キィーーーーーーッ！」,,「咿——！」,
,,,,,,
Hisui.Fallen1-157,,(………………。),(………………。),,(………………。),
,,,,,,
Hisui.Fallen1-158,,(私は………K46号……………？),(私は………K46号……………？),,(我是……K46號…………？),
,,,,,,
Hisui.Fallen1-159,,(……………ちがう。),(……………ちがう。),,(……………不對。),
,,,,,,
Hisui.Fallen1-160,ヒスイ,(……違う……私は……私は…“ヒスイ”っ…！),(……違う……私は……私は…“ヒスイ”っ…！),,(……不對……我是……我是…“翡翠”…！),
,,,,,,
Hisui.Fallen1-161,,(………それで…私は………■■■■？……だから……。),(………それで…私は………■■■■？……だから……。),,(………那麼…我是……■■■■？……所以……。),
,,,,,,
Hisui.Fallen1-162,,(やらなきゃ…………■■■さん…と……■■■先輩の……ため……に…！),(やらなきゃ…………■■■さん…と……■■■先輩の……ため……に…！),,(我必須去為了■■■先生…和■■■前輩的…緣故…！),
,,,,,,
Hisui.Fallen1-163,,――――――――,――――――――,,――――――――,
,,,,,,
Hisui.Fallen1-164,,――――,――――,,――――――――,
,,,,,,
Hisui.Fallen1-165,,ー,ー,,ー,
,,,,,,
Hisui Fallen Scene　２,注釈,闇堕ちシーン,闇堕ちシーン,闇堕ちシーン,墮入黑暗場景,
,,,,,,
Hisui.Fallen2-1,072号,「K23号からK50号…これでちょうど私の部隊は100人ですか……。」,「K23号からK50号…これでちょうど私の部隊は100人ですか……。」,,「從K23號到K50號…這樣我的部隊就正好有100人了……。」,
,,,,,,
Hisui.Fallen2-2,,「……K23号からK50号、敬礼を！」,「……K23号からK50号、敬礼を！」,,「……從K23號到K50號，敬禮！」,
,,,,,,
Hisui.Fallen2-3,戦闘員&ヒスイ,「「「「「「キィーーーーーーッ！」」」」」」,「「「「「「キィーーーーーーッ！」」」」」」,,「「「「「「咦——！」」」」」」,
,,,,,,
Hisui.Fallen2-4,ヒスイ,(………っ、私……はっ……K46号じゃなくて……ヒスイ…！),(………っ、私……はっ……K46号じゃなくて……ヒスイ…！),,(………咦、我……哈……不是K46號……是翡翠…！),
,,,,,,
Hisui.Fallen2-5,,(だから……私がやるべきことは……こんな事……じゃない…！),(だから……私がやるべきことは……こんな事……じゃない…！),,(所以……我應該做的事情是……不是這種事情…！),
,,,,,,
Hisui.Fallen2-6,,(……何とかして……■■■さんを…■■■■を……！),(……何とかして……■■■さんを…■■■■を……！),,(……想辦法……明穂小姐……保護她……！),
,,,,,,
Hisui.Fallen2-7,072号,「さて、早速戦闘訓練……と行きたいのですが、先日施設へ被害が出たため延期ですね。」,「さて、早速戦闘訓練……と行きたいのですが、先日施設へ被害が出たため延期ですね。」,,「好的，立刻進行戰鬥訓練……不過，由於前幾天設施受損，必須延期了呢。」,
,,,,,,
Hisui.Fallen2-8,,「あなた達には性奉仕訓練を先に行います。心して取り組むように。」,「あなた達には性奉仕訓練を先に行います。心して取り組むように。」,,「你們將先接受性奉仕訓練。請認真對待。」,
,,,,,,
Hisui.Fallen2-9,戦闘員&ヒスイ,「「「「「「キィーーーーーーッ！」」」」」」,「「「「「「キィーーーーーーッ！」」」」」」,,「「「「「「咦——！」」」」」」,
,,,,,,
Hisui.Fallen2-10,ヒスイ,(……性奉仕……っ、そ、それって……),(……性奉仕……っ、そ、それって……),,(……性奉仕……啊、那、那是指……),
,,,,,,
,暗転,,,,,
,Hisui story DLC 3-12,,,,,
Hisui.Fallen2-11,ヒスイ,「…はあっ♥…はあっ♥」,「…はあっ♥…はあっ♥」,,「…呼♥…呼♥」,
,,,,,,
Hisui.Fallen2-12,男戦闘員,「いや～全くいい仕事だぜ…毎日のように新しい洗脳された女共がチンポしゃぶってくれるんだからな！」,「いや～全くいい仕事だぜ…毎日のように新しい洗脳された女共がチンポしゃぶってくれるんだからな！」,,「哎呀～真是好工作啊…每天都有新的被洗腦的女孩來幫我口交！」,
,,,,,,
Hisui.Fallen2-13,,「え～と次はK46号か。ほら、しゃぶってみろ！」,「え～と次はK46号か。ほら、しゃぶってみろ！」,,「嗯～接下來是K46號了。來，試著舔一下！」,
,,,,,,
Hisui.Fallen2-14,ヒスイ,「キィーーーーーーッ！」,「キィーーーーーーッ！」,,「咦——！」,
,,,,,,
Hisui.Fallen2-15,,(ち、違うっ……私は…K46号なんかじゃ……ないっ♥),(ち、違うっ……私は…K46号なんかじゃ……ないっ♥),,(不、不對……我是…不是K46號那種人……♥),
,,,,,,
Hisui.Fallen2-16,,(でもっ……ばれないように…また…おちんぽっ……フェラしないと…♥),(でもっ……ばれないように…また…おちんぽっ……フェラしないと…♥),,(但是……為了不被發現…再次…要給陽具……口交才行…♥),
,,,,,,
Hisui.Fallen2-17,,(だから……これが……私の……やらなきゃいけないこと……♥),(だから……これが……私の……やらなきゃいけないこと……♥),,(所以……這就是……我……必須做的事情……♥),
,,,,,,
Hisui.Fallen2-18,,そしてヒスイは目の前のチンポへしゃぶりつく。,そしてヒスイは目の前のチンポへしゃぶりつく。,,然後翡翠開始舔舐眼前的陽具。,
,,,,,,
Hisui.Fallen2-19,ヒスイ,ジュルルルッ…♥ジュポッ！！,ジュルルルッ…♥ジュポッ！！,,滴滴滴……♥ 噗嗤！！,
,,,,,,
Hisui.Fallen2-20,,「～～～～ッ♥♥♥！？！？」,「～～～～ッ♥♥♥！？！？」,,「～～～～滴♥♥♥！？！？」,
,,,,,,
Hisui.Fallen2-21,,(これがっ……戦闘員の…おちんぽっ…♥！？),(これがっ……戦闘員の…おちんぽっ…♥！？),,這就是……戰鬥員的……陽具……♥！？,
,,,,,,
Hisui.Fallen2-22,,ジュルルルッ♥、ジュポッ♥、ジュポッ♥,ジュルルルッ♥、ジュポッ♥、ジュポッ♥,,滴滴滴♥、噗嗤♥、噗嗤♥,
,,,,,,
Hisui.Fallen2-23,,(口に入れただけでっ♥、頭の中っ……真っ白に…っ♥),(口に入れただけでっ♥、頭の中っ……真っ白に…っ♥),,(放進口裡…♥，腦袋裡…一片空白…♥),
,,,,,,
Hisui.Fallen2-24,,ジュルルルッ♥、ジュポッ♥、ジュポッ♥,ジュルルルッ♥、ジュポッ♥、ジュポッ♥,,滴滴滴♥、噗嗤♥、噗嗤♥,
,,,,,,
Hisui.Fallen2-25,,(おいひいっ♥、ずっとっ♥、しゃぶってたいっ♥！),(おいひいっ♥、ずっとっ♥、しゃぶってたいっ♥！),,(喔喔♥、一直♥、想吸吮♥！),
,,,,,,
Hisui.Fallen2-26,,ちゅうぅうううっ♥、ジュポッ♥、ジュポッ♥、,ちゅうぅうううっ♥、ジュポッ♥、ジュポッ♥、,,吸吮吮♥、噗嗤♥、噗嗤♥、,
,,,,,,
Hisui.Fallen2-27,男戦闘員,「うぉっ！？なんだコイツ……最初からこんなフェラしやがって……！」,「うぉっ！？なんだコイツ……最初からこんなフェラしやがって……！」,,"""喔！？這傢伙是什麼……一開始就這樣給口交……！""",
,,,,,,
Hisui.Fallen2-28,,「洗脳前はクソビッチだったのか…！？」,「洗脳前はクソビッチだったのか…！？」,,「被洗腦前是個混蛋貨…！？」,
,,,,,,
Hisui.Fallen2-29,,しかしヒスイは男戦闘員のいう事を聞くことなく、更に激しく口淫をしていく。,しかしヒスイは男戦闘員のいう事を聞くことなく、更に激しく口淫をしていく。,,然而翡翠沒有聽從男性戰鬥員的話，更加激烈地進行口淫。,
,,,,,,
Hisui.Fallen2-30,,ジュルルルルルルッッ♥！！ジュポッ♥！ズルルッ♥！,ジュルルルルルルッッ♥！！ジュポッ♥！ズルルッ♥！,,吮噗噗噗噗♥！！噗嗤♥！滑噗♥！,
,,,,,,
Hisui.Fallen2-31,ヒスイ,(おちんぽっ♥、もっと舐めたいっ♥、もっと欲しいっ♥！！),(おちんぽっ♥、もっと舐めたいっ♥、もっと欲しいっ♥！！),,陽具♥、想要更多舔♥、想要更多♥！！,
,,,,,,
Hisui.Fallen2-32,,ジュルルルッ♥、ジュポッ♥、ジュポッ♥,ジュルルルッ♥、ジュポッ♥、ジュポッ♥,,吮噗噗♥、噗嗤♥、噗嗤♥,
,,,,,,
Hisui.Fallen2-33,男戦闘員,「ぐっ…このクソ優秀戦闘員がっ……くそっ出るっ…！」,「ぐっ…このクソ優秀戦闘員がっ……くそっ出るっ…！」,,「咕…這個該死的優秀戰鬥員……該死，要出來了…！」,
,,,,,,
Hisui.Fallen2-34,3－14,ドプッ、ビュルルルッルッ！！,ドプッ、ビュルルルッルッ！！,,噗、噗噗噗噗！！,
,,,,,,
Hisui.Fallen2-35,ヒスイ,「～～～～ッ♥！！」,「～～～～ッ♥！！」,,「～～～～♥！！」,
,,,,,,
Hisui.Fallen2-36,,ジュルルルルッ！！ゴキュッ♥、ジュルルル♥！！,ジュルルルルッ！！ゴキュッ♥、ジュルルル♥！！,,吮噗噗噗！！咕♥、吮噗噗♥！！,
,,,,,,
Hisui.Fallen2-37,ヒスイ,(おチンポ汁っ♥、こんなに沢山っ…♥、おいしすぎるっ……♥！！),(おチンポ汁っ♥、こんなに沢山っ…♥、おいしすぎるっ……♥！！),,陽具汁♥、這麼多呢…♥、太美味了……♥！！,
,,,,,,
Hisui.Fallen2-38,Hisui story DLC 3-13,そしてヒスイは精液を一滴残らず喉の奥へと飲み込む,そしてヒスイは精液を一滴残らず喉の奥へと飲み込む,,然後翡翠將精液一滴不剩地嚥入喉嚨深處。,
,,,,,,
Hisui.Fallen2-39,Hisui story DLC 3-12,「ぷはっ…♥、キィーーーーーーッ！」,「ぷはっ…♥、キィーーーーーーッ！」,,「噗哈…♥、咦───！」,
,,,,,,
Hisui.Fallen2-40,ヒスイ,(………足りないっ…もっと……♥),(………足りないっ…もっと……♥),,(………不夠……♥),
,,,,,,
Hisui.Fallen2-41,,(“ずっと我慢してたのに”っ♥……もっとおちんぽっ欲しいっ♥),(“ずっと我慢してたのに”っ♥……もっとおちんぽっ欲しいっ♥),,(明明一直都在忍耐的……♥……更想要陽具♥),
,,,,,,
Hisui.Fallen2-42,男戦闘員,「ふうっ…K46号だったか…？そんなにチンポが好きなら慰安部隊にでも配属――――――うおっ！？」,「ふうっ…K46号だったか…？そんなにチンポが好きなら慰安部隊にでも配属――――――うおっ！？」,,「呼……K46號嗎…？如果這麼喜歡陽具的話，不如去慰安部隊報到──喔！」,
,,,,,,
,暗転,,,,,
Hisui.Fallen2-43,Hisui story DLC 4-1,ヒスイは戦闘員を押し倒し、腰の上に馬乗りになる。,ヒスイは戦闘員を押し倒し、腰の上に馬乗りになる。,,翡翠將戰鬥員推倒在地，騎在對方腰上。,
,,,,,,
Hisui.Fallen2-44,ヒスイ,「キィーーーッ♥！！」,「キィーーーッ♥！！」,,「咦───♥！！」,
,,,,,,
Hisui.Fallen2-45,,(……えっ…私……何をやって……っ♥),(……えっ…私……何をやって……っ♥),,(……咦……我……在做什麼……♥),
,,,,,,
Hisui.Fallen2-46,男戦闘員,「そこまでやれとは……うおっ！？」,「そこまでやれとは……うおっ！？」,,「居然要做到這種地步……喔！？」,
,,,,,,
Hisui.Fallen2-47,Hisui story DLC 4-7,そしてK46号は男戦闘員のチンポを躊躇なく自分の膣内へと迎え入れる。,そしてK46号は男戦闘員のチンポを躊躇なく自分の膣内へと迎え入れる。,,然後K46號毫不猶豫地將男性戰鬥員的陽具迎入自己的陰道中。,
,,,,,,
Hisui.Fallen2-48,ヒスイ,「キィーーーーッ！！？戦闘員様の…おちんぽっ……私の中にっ…♥」,「キィーーーーッ！！？戦闘員様の…おちんぽっ……私の中にっ…♥」,,「咦───♥！！？戰鬥員大人的……陽具……進入我裡面了……♥」,
,,,,,,
Hisui.Fallen2-49,,パチュッ、パチュッ、パチュッ♥,パチュッ、パチュッ、パチュッ♥,,啪啾、啪啾、啪啾♥,
,,,,,,
Hisui.Fallen2-50,,(戦闘員のおチンポっ…おまんこの奥まで届いて……気持ちいいっ…♥),(戦闘員のおチンポっ…おまんこの奥まで届いて……気持ちいいっ…♥),,戰鬥員的陽具……插到花瓣深處……好舒服……♥,
,,,,,,
Hisui.Fallen2-51,ヒスイ,(でも……なんで……私の中の何かがやっちゃいけないと思ってる……？),(でも……なんで……私の中の何かがやっちゃいけないと思ってる……？),,(但是……為什麼……我內心的某些東西覺得這樣不對……？),
,,,,,,
Hisui.Fallen2-52,,(あれ……そういえば私…さっきまで何か大事なことをやろうとしてたような…？),(あれ……そういえば私…さっきまで何か大事なことをやろうとしてたような…？),,(嗯……說起來……我好像剛剛還在試圖做什麼重要的事情……？),
,,,,,,
Hisui.Fallen2-53,,(そう……誰かを助けないと………それが“戦闘員”である私の使命……？),(そう……誰かを助けないと………それが“戦闘員”である私の使命……？),,(嗯……必須要幫助某人……這就是作為“戰鬥員”的我的使命……？),
,,,,,,
Hisui.Fallen2-54,,(こんな事してる場合じゃ……“こんな事”……？),(こんな事してる場合じゃ……“こんな事”……？),,這樣做的時候不對……“這樣的事情”……？,
,,,,,,
Hisui.Fallen2-55,,(ペニスに奉仕することは“下級戦闘員”として最も重要な任務では…？),(ペニスに奉仕することは“下級戦闘員”として最も重要な任務では…？),,奉獻於陽具是作為“下級戰鬥員”最重要的任務之一……？,
,,,,,,
Hisui.Fallen2-56,,(ええ…それ以上に重要なことなんて……ありませんよねっ♥),(ええ…それ以上に重要なことなんて……ありませんよねっ♥),,是的…沒有比這更重要的事情了吧♥,
,,,,,,
Hisui.Fallen2-57,ヒスイ？,「キィーーーーーーッ！♥キィーーーーーーッ！♥」,「キィーーーーーーッ！♥キィーーーーーーッ！♥」,,「咿———！♥咿———！♥」,
,,,,,,
Hisui.Fallen2-58,,ヒスイは戦闘員の叫び声を上げながら男戦闘員の上で腰を振る。,ヒスイは戦闘員の叫び声を上げながら男戦闘員の上で腰を振る。,,翡翠在高喊著戰鬥員的口號，同時在男性戰鬥員身上擺動腰部。,
,,,,,,
Hisui.Fallen2-59,072号,「おや……この個体は優秀ですね…K46号ですか。」,「おや……この個体は優秀ですね…K46号ですか。」,,「哦……這個體很優秀呢…K46號嗎。」,
,,,,,,
Hisui.Fallen2-60,ヒスイ？,「キィーーーーーーッ！072号様、ありがとうございますっ！」,「キィーーーーーーッ！072号様、ありがとうございますっ！」,,「咿———！072號，謝謝您！」,
,,,,,,
Hisui.Fallen2-61,XXX,(隊長に褒められましたっ♥、私は優秀な下級戦闘員K46号……！),(隊長に褒められましたっ♥、私は優秀な下級戦闘員K46号……！),,(隊長讚美了我♥，我是優秀的下級戰鬥員K46號……！),
,,,,,,
Hisui.Fallen2-62,,(………でも………何か忘れているような……),(………でも………何か忘れているような……),,(……但是……好像忘記了什麼……),
,,,,,,
Hisui.Fallen2-63,XXX,(あれ……私は……K46号になる前……何を……？),(あれ……私は……K46号になる前……何を……？),,(那個……我是……成為K46號之前……做過……什麼……？),
,,,,,,
Hisui.Fallen2-64,,しかし、K46号の体は思考を置いて男戦闘員の上で跳ねる。,しかし、K46号の体は思考を置いて男戦闘員の上で跳ねる。,,然而，K46號停下思考，跳到男性戰鬥員的身上。,
,,,,,,
Hisui.Fallen2-65,,パチュッ、パチュッ、パチュッ♥！,パチュッ、パチュッ、パチュッ♥！,,啪啾、啪啾、啪啾♥！,
,,,,,,
Hisui.Fallen2-66,,「キィーーーーーーッ！、K46号のおまんこっ…いかがですかっ♥？」,「キィーーーーーーッ！、K46号のおまんこっ…いかがですかっ♥？」,,「咦——！K46號的…陰道怎麼樣♥？」,
,,,,,,
Hisui.Fallen2-67,,(おちんぽに突かれるたびに…頭の中真っ白になって…何も考えられない…っ♥),(おちんぽに突かれるたびに…頭の中真っ白になって…何も考えられない…っ♥),,每次被陽具刺入…腦袋一片空白…什麼都想不到…♥,
,,,,,,
Hisui.Fallen2-68,072号,「K46号、夢中になるのは素晴らしいですが、口淫以外の時は戦闘員のマスクを着用しなさい。」,「K46号、夢中になるのは素晴らしいですが、口淫以外の時は戦闘員のマスクを着用しなさい。」,,「K46號，沉迷其中是很棒的，但在非口交時，請戴上戰鬥員的面具。」,
,,,,,,
Hisui.Fallen2-69,XXX,「キィーーーーーーッ！」,「キィーーーーーーッ！」,,「咦——！」,
,,,,,,
Hisui.Fallen2-70,,そしてK46号は全身をスーツで覆い、見た目が完全に下級戦闘員となる。,そしてK46号は全身をスーツで覆い、見た目が完全に下級戦闘員となる。,,然後K46號用連身衣覆蓋全身，外表完全變成下級戰鬥員。,
,,,,,,
Hisui.Fallen2-71,K46号？,(んっ♥、このマスクっ……なんでこんなに安心するんですかっ……？),(んっ♥、このマスクっ……なんでこんなに安心するんですかっ……？),,(嗯♥，這個面具……為什麼會這麼讓人安心呢……？),
,,,,,,
Hisui.Fallen2-72,,(はあっ♥…おちんぽっ♥…射精させないと…私は下級戦闘員…K46号なんだから……),(はあっ♥…おちんぽっ♥…射精させないと…私は下級戦闘員…K46号なんだから……),,(啊♥…陽具♥…如果不讓他射精…我就是下級戰鬥員…K46號……),
,,,,,,
Hisui.Fallen2-73,,パチュッ、パチュッ、パチュッ♥！,パチュッ、パチュッ、パチュッ♥！,,啪啾、啪啾、啪啾♥！,
,,,,,,
Hisui.Fallen2-74,,(あれ……K46号……いつから………？),(あれ……K46号……いつから………？),,(那個……K46號……從什麼時候………？),
,,,,,,
Hisui.Fallen2-75,,(私は………………),(私は………………),,(我是………………),
,,,,,,
Hisui.Fallen2-76,,(キィーーーーッ！どうでもいい事ですっ♥、下級戦闘員に余計な思考は不要ですっ……♥),(キィーーーーッ！どうでもいい事ですっ♥、下級戦闘員に余計な思考は不要ですっ……♥),,(啊啊啊啊啊！這種事情無所謂的♥，下級戰鬥員不需要多餘的思考……♥),
,,,,,,
Hisui.Fallen2-77,K46号？,「キィーーーーーーッ！！！」,「キィーーーーーーッ！！！」,,啊啊啊啊啊啊！！！,
,,,,,,
Hisui.Fallen2-78,,パチュッ、パチュッ、パチュッ♥！,パチュッ、パチュッ、パチュッ♥！,,啪啾、啪啾、啪啾♥！,
,,,,,,
Hisui.Fallen2-79,男戦闘員,「ははっ！必死に腰振りやがって…頭の中も完全にメス戦闘員だな！」,「ははっ！必死に腰振りやがって…頭の中も完全にメス戦闘員だな！」,,「哈哈！拼命地擺動腰部…內心完全是個女性戰鬥員！」,
,,,,,,
Hisui.Fallen2-80,K46号？,「キィーーーーーーッ♥！！」,「キィーーーーーーッ♥！！」,,啊啊啊啊啊啊♥！！,
,,,,,,
Hisui.Fallen2-81,,(そうでした…私は何を迷っていたんですか…？),(そうでした…私は何を迷っていたんですか…？),,是的...我在猶豫什麼呢...？,
,,,,,,
Hisui.Fallen2-82,,(戦闘員は何も考えなくていいっ……ただひたすらに快楽だけを求めていればいい…♥),(戦闘員は何も考えなくていいっ……ただひたすらに快楽だけを求めていればいい…♥),,戰鬥員不需要考慮任何事情......只需要尋求快樂就好了...♥,
,,,,,,
Hisui.Fallen2-83,,(そしてフォーレン財団の命令通り、使い捨てのコマとして戦って、怪人と男性戦闘員へご奉仕すればいい………♥),(そしてフォーレン財団の命令通り、使い捨てのコマとして戦って、怪人と男性戦闘員へご奉仕すればいい………♥),,(然後按照福倫財團的命令，作為可拋棄的棋子戰鬥，只需為怪人和男性戰鬥員服務就好了……♥),
,,,,,,
Hisui.Fallen2-84,,(キィーーーッ！すべては財団のため……),(キィーーーッ！すべては財団のため……),,啊啊啊！一切為了財團的利益……,
,,,,,,
Hisui.Fallen2-85,,(それが……下級戦闘員の役割……♥),(それが……下級戦闘員の役割……♥),,這就是......下級戰鬥員的角色......♥,
,,,,,,
Hisui.Fallen2-86,K46号？,「キィーーーーーーッ♥♥！！！」,「キィーーーーーーッ♥♥！！！」,,啊啊啊啊啊啊啊啊啊啊啊啊啊啊啊啊啊啊啊啊啊啊啊啊啊啊啊啊啊啊啊啊啊啊啊啊啊啊啊啊啊啊啊啊啊啊啊啊啊啊啊啊啊啊啊啊啊啊啊啊啊啊啊啊啊啊啊啊啊啊啊啊啊啊啊啊啊啊啊啊啊啊啊啊啊啊啊啊啊啊啊啊啊啊啊啊啊啊啊啊,
,,,,,,
Hisui.Fallen2-87,,パチュッ、パチュッ、パチュッ♥！,パチュッ、パチュッ、パチュッ♥！,,啪啾、啪啾、啪啾♥！,
,,,,,,
Hisui.Fallen2-88,男戦闘員,「ぐっ…さっき出したばっかだってのに…出すぞっ！」,「ぐっ…さっき出したばっかだってのに…出すぞっ！」,,「咕……明明剛剛才出過……還要再出！」,
,,,,,,
Hisui.Fallen2-89,Hisui story DLC 4-12,ドクッ！！ドクドクッ！！,ドクッ！！ドクドクッ！！,,刺痛！！刺痛刺痛！！,
,,,,,,
Hisui.Fallen2-90,K46号,「キィーーーーーーッ♥♥！！！！」,「キィーーーーーーッ♥♥！！！！」,,「啊啊啊啊啊啊啊啊啊啊啊啊啊啊啊啊啊啊啊啊啊啊啊啊啊啊啊啊啊啊啊啊啊啊啊啊啊啊啊啊啊啊啊啊啊啊啊啊啊啊啊啊啊啊啊啊啊啊啊啊啊啊啊啊啊啊啊啊啊啊啊啊啊啊啊啊啊啊啊啊啊啊啊啊啊啊啊啊啊啊啊啊啊啊啊啊啊啊啊啊啊,
,,,,,,
Hisui.Fallen2-91,,(お゛っ♥！？精液出されて…っ♥、私も…イクッ♥),(お゛っ♥！？精液出されて…っ♥、私も…イクッ♥),,(,
,,,,,,
Hisui.Fallen2-92,,「キィーーーッ！精液ッ……私のお腹の中にっ♥、沢山出てますッ♥！」,「キィーーーッ！精液ッ……私のお腹の中にっ♥、沢山出てますッ♥！」,,「,
,,,,,,
Hisui.Fallen2-93,,(あっ♥、……これ私……完全に……消え……て………♥),(あっ♥、……これ私……完全に……消え……て………♥),,(,
,,,,,,
Hisui.Fallen2-94,,(頭の中……戦闘員に…♥……K46号に……♥),(頭の中……戦闘員に…♥……K46号に……♥),,(,
,,,,,,
Hisui.Fallen2-95,,―――――――プツンッ！,―――――――プツンッ！,,―,
,,,,,,
Hisui.Fallen2-96,,――――――――,――――――――,,―,
,,,,,,
Hisui.Fallen2-97,,――――,――――,,―,
,,,,,,
Hisui.Fallen2-98,,ー,ー,,ー,
,,,,,,
,暗転,,,,,
,アジト,,,,,
Hisui.Fallen2-99,K46号,「キィーーーーーーッ！戦闘員K46号、性奉仕訓練完了いたしました！」,「キィーーーーーーッ！戦闘員K46号、性奉仕訓練完了いたしました！」,,「啊啊啊啊啊啊啊啊啊啊啊啊啊啊啊啊啊啊啊啊啊啊啊啊啊啊啊啊啊啊啊啊啊啊啊啊啊啊啊啊啊啊啊啊啊啊啊啊啊啊啊啊啊啊啊啊啊啊啊啊啊啊啊啊啊啊啊啊啊啊啊啊啊啊啊啊啊啊啊啊啊啊啊啊啊啊啊啊啊啊啊啊啊啊啊啊啊啊啊啊,
,,,,,,
Hisui.Fallen2-100,072号,「よろしい……そろそろ他の戦闘員も訓練が完了する時間ですね。下級戦闘員、整列を。」,「よろしい……そろそろ他の戦闘員も訓練が完了する時間ですね。下級戦闘員、整列を。」,,「好的......其他戰鬥員的訓練也快要完成了。下級戰鬥員，整理隊形。」,
,,,,,,
Hisui.Fallen2-101,下級戦闘員,「「「「「「キィーーーーーーッ！」」」」」」,「「「「「「キィーーーーーーッ！」」」」」」,,「啊啊啊啊啊啊啊啊啊啊啊啊啊啊啊啊啊啊啊啊啊啊啊啊啊啊啊啊啊啊啊啊啊啊啊啊啊啊啊啊啊啊啊啊啊啊啊啊啊啊啊啊啊啊啊啊啊啊啊啊啊啊啊啊啊啊啊啊啊啊啊啊啊啊啊啊啊啊啊啊啊啊啊啊啊啊啊啊啊啊啊啊啊啊啊啊啊啊啊啊,
,,,,,,
Hisui.Fallen2-102,,K46号と下級戦闘員達は一切の狂いの無い敬礼をして整列をする。,K46号と下級戦闘員達は一切の狂いの無い敬礼をして整列をする。,,K,
,,,,,,
Hisui.Fallen2-103,,そして既に戦闘員達は番号でしかその区別はつかなくなっていた。,そして既に戦闘員達は番号でしかその区別はつかなくなっていた。,,而,
,,,,,,
Hisui.Fallen2-104,072号,「……これからあなた達は私の指揮下のコマとなり戦闘任務に従事します。」,「……これからあなた達は私の指揮下のコマとなり戦闘任務に従事します。」,,「,
,,,,,,
Hisui.Fallen2-105,,「下級戦闘員として確実に命令を遂行するように。」,「下級戦闘員として確実に命令を遂行するように。」,,「作為下級戰鬥員，確實執行命令。」,
,,,,,,
Hisui.Fallen2-106,下級戦闘員,「「「「「「キィーーーーーーッ！！！」」」」」」,「「「「「「キィーーーーーーッ！！！」」」」」」,,「,
,,,,,,
Hisui.Fallen2-107,,既にK46号には聖核戦姫としての記憶も、西園寺ヒスイとしての人格も残っていなかった,既にK46号には聖核戦姫としての記憶も、西園寺ヒスイとしての人格も残っていなかった,,既已沒有K46號的聖核戰姬的記憶，也沒有西園寺翡翠的人格。,
,,,,,,
Hisui.Fallen2-108,K46号,(キィーーーーーッ！私は下級戦闘員K46号！),(キィーーーーーッ！私は下級戦闘員K46号！),,(キィーーーーーッ！我是下級戰鬥員K46號！),
,,,,,,
Hisui.Fallen2-109,,(フォーレン財団の為……！全力で命令を遂行しますッ！),(フォーレン財団の為……！全力で命令を遂行しますッ！),,(為了福倫財團……！我會全力執行命令的！),
,,,,,,
Hisui.Fallen2-110,,――――――――,――――――――,,――――――――,
,,,,,,
Hisui.Fallen2-111,,――――,――――,,――――――――,
,,,,,,
Hisui.Fallen2-112,,ー,ー,,――――――――,
,,,,,,
,,,,,,
,,,,,,
,,,,,,
,,,,,,
Hisui Fallen Scene　３,注釈,闇堕ちシーン,闇堕ちシーン,闇堕ちシーン,墮入黑暗場景,
,,,,,,
Hisui.Fallen3-1,,――――街中、路地裏にて,――――街中、路地裏にて,,――――在城市中，巷弄間,
,,,,,,
Hisui.Fallen3-2,市民A,「はあっ、はあっ…ここまで来れば…大丈夫……」,「はあっ、はあっ…ここまで来れば…大丈夫……」,,「呼呼，呼呼…到這裡了…沒問題……」,
,,,,,,
Hisui.Fallen3-3,市民B,「ううっ…おねえちゃん……どうなってるの…？」,「ううっ…おねえちゃん……どうなってるの…？」,,「呜呜…姊姊……發生了什麼事…？」,
,,,,,,
Hisui.Fallen3-4,市民A,「大丈夫！……あんたは何があっても私が守るから……」,「大丈夫！……あんたは何があっても私が守るから……」,,「沒問題！……無論發生什麼事，我會保護你的……」,
,,,,,,
Hisui.Fallen3-5,???,「キィーーーーーーッ！！見つけましたッ！！」,「キィーーーーーーッ！！見つけましたッ！！」,,「咦───！！找到了！！」,
,,,,,,
Hisui.Fallen3-6,"市民A,B",「「！？」」,「「！？」」,,「「！？」」,
,,,,,,
Hisui.Fallen3-7,K46号,「ふふっ…それもちょうどいいメスが二匹……いい報告が出来そうです！」,「ふふっ…それもちょうどいいメスが二匹……いい報告が出来そうです！」,,「呼呼…這正好是兩隻不錯的雌性……看來可以報告好消息了！」,
,,,,,,
Hisui.Fallen3-8,市民A,「せ、戦闘員……ッ！」,「せ、戦闘員……ッ！」,,「戰鬥員……！」,
,,,,,,
Hisui.Fallen3-9,K46号,「キィーーーッ！抵抗しても無駄ですよ？あなた達も戦闘員になるのです！」,「キィーーーッ！抵抗しても無駄ですよ？あなた達も戦闘員になるのです！」,,「咦───！抵抗也是徒勞的喔？你們也會成為戰鬥員的！」,
,,,,,,
Hisui.Fallen3-10,市民A,「そんな……せ、せめて妹だけは……！」,「そんな……せ、せめて妹だけは……！」,,「這樣……至、至少只有妹妹……！」,
,,,,,,
Hisui.Fallen3-11,K46号,「駄目ですッ！二人とも連れて行きますッ！」,「駄目ですッ！二人とも連れて行きますッ！」,,「不行的！我會把你們兩個都帶走的！」,
,,,,,,
Hisui.Fallen3-12,市民A,「……ふざけないでっ！あんた達みたいな悪者なんて…いつか必ず………」,「……ふざけないでっ！あんた達みたいな悪者なんて…いつか必ず………」,,「……不要開玩笑！像你們這樣的壞人……總有一天一定會……」,
,,,,,,
Hisui.Fallen3-13,K46号,「キィーーーーーッ！残念ながら聖核戦姫はもういませんっ！我々の邪魔をする者はいないのですっ！」,「キィーーーーーッ！残念ながら聖核戦姫はもういませんっ！我々の邪魔をする者はいないのですっ！」,,「咦───！很遺憾，聖核戰姬已經不在了！沒有人能阻止我們了！」,
,,,,,,
Hisui.Fallen3-14,,「キィーーーッ！大人しく戦闘員になりなさいっ！」,「キィーーーッ！大人しく戦闘員になりなさいっ！」,,「咦───！乖乖成為戰鬥員吧！」,
,,,,,,
Hisui.Fallen3-15,,そしてK46号は二人を誘拐し、財団の施設へ連れ帰るのだった,そしてK46号は二人を誘拐し、財団の施設へ連れ帰るのだった,,然後K46號將兩人綁架，帶回財團的設施。,
,,,,,,
,暗転,,,,,
,,,,,,
Hisui.Fallen3-16,Hisui story DLC 4-9,昼下がり、ビル群の影にて,昼下がり、ビル群の影にて,,午後，身處高樓大廈的陰影中。,
,,,,,,
Hisui.Fallen3-17,,何人もの女戦闘員が市民を襲っていた,何人もの女戦闘員が市民を襲っていた,,許多女戰鬥員正在襲擊市民。,
,,,,,,
Hisui.Fallen3-18,市民C,「うわあっ！た、助けてくれ！」,「うわあっ！た、助けてくれ！」,,「哇啊！幫、救救我！」,
,,,,,,
Hisui.Fallen3-19,K46号,「キィーーーーーーッ！！捕まえました！」,「キィーーーーーーッ！！捕まえました！」,,「咦───！！抓到你了！」,
,,,,,,
Hisui.Fallen3-20,市民C,「く、くそっ、こんな変態女に捕まるとは…っ」,「く、くそっ、こんな変態女に捕まるとは…っ」,,「可、可惡，竟然被這種變態女人抓住了…」,
,,,,,,
Hisui.Fallen3-21,K46号,「キキッ、あなたもフォーレン財団の戦闘員になるのですッ！」,「キキッ、あなたもフォーレン財団の戦闘員になるのですッ！」,,「基基，你也要成為福倫財團的戰鬥員！」,
,,,,,,
Hisui.Fallen3-22,市民C,「い、いやだっ！こんな変な仮面被ったバカみたいな連中の仲間になどなるものかっ！」,「い、いやだっ！こんな変な仮面被ったバカみたいな連中の仲間になどなるものかっ！」,,「不、不要！我才不要成為這種戴著奇怪面具的蠢蛋們的夥伴！」,
,,,,,,
Hisui.Fallen3-23,K46号,「キィーーーッ！聞き捨てなりませんねっ！」,「キィーーーッ！聞き捨てなりませんねっ！」,,「咦──！這種話我可聽不下去！」,
,,,,,,
Hisui.Fallen3-24,Hisui story DLC 4-10,ズプッ！！,ズプッ！！,,「啪唧！！」,
,,,,,,
Hisui.Fallen3-25,K46号,「ふうっ♥、なかなか良いペニスを持ってますねっ♥戦闘員になる資格は十分ですっ！」,「ふうっ♥、なかなか良いペニスを持ってますねっ♥戦闘員になる資格は十分ですっ！」,,「呼呼♥，你擁有相當不錯的陽具♥，完全有資格成為戰鬥員！」,
,,,,,,
Hisui.Fallen3-26,市民C,「や、やめろっ…私には妻と娘が……っ！」,「や、やめろっ…私には妻と娘が……っ！」,,「啊、停下……我有妻子……！」,
,,,,,,
Hisui.Fallen3-27,K46号,「キィーーーッ！戦闘員に泣き落としは通用しませんよっ…♥」,「キィーーーッ！戦闘員に泣き落としは通用しませんよっ…♥」,,「咦──！對戰鬥員的哭泣攻勢是不起作用的喔…♥」,
,,,,,,
Hisui.Fallen3-28,Hisui story DLC 4-11,パチュッ♥、パチュッ♥,パチュッ♥、パチュッ♥,,「啪唧♥，啪唧♥」,
,,,,,,
Hisui.Fallen3-29,,「キキッ♥、どうですか？戦闘員になれば新しい女の子とやり放題ですよ？」,「キキッ♥、どうですか？戦闘員になれば新しい女の子とやり放題ですよ？」,,「咦咦♥，怎麼樣？成為戰鬥員就可以盡情與新的女孩子做任何事情了喔？」,
,,,,,,
Hisui.Fallen3-30,市民C,「うっ…しかしっ……！」,「うっ…しかしっ……！」,,「唔…但是……！」,
,,,,,,
Hisui.Fallen3-31,K46号,「強情ですね…っ！キィーーーッ！」,「強情ですね…っ！キィーーーッ！」,,「固執呢…！咦──！」,
,,,,,,
Hisui.Fallen3-32,,パチュッ♥、パチュッ♥、パチュッ♥,パチュッ♥、パチュッ♥、パチュッ♥,,「啪唧♥，啪唧♥，啪唧♥」,
,,,,,,
Hisui.Fallen3-33,K46号,「キィーーーッ！ほらっ、出せっ、出せっ♥！」,「キィーーーッ！ほらっ、出せっ、出せっ♥！」,,「咦──！快點，拿出來，拿出來♥！」,
,,,,,,
Hisui.Fallen3-34,市民C,「ぐっ、くそっ…誰か助けてくれっ……！」,「ぐっ、くそっ…誰か助けてくれっ……！」,,「咕、可惡…誰來幫幫我啊……！」,
,,,,,,
Hisui.Fallen3-35,K46号,「キキッ、残念でした～♥聖核戦姫は皆“私達に”負けちゃったのでっ…誰も助けには来ませんよ？」,「キキッ、残念でした～♥聖核戦姫は皆“私達に”負けちゃったのでっ…誰も助けには来ませんよ？」,,「咦咦，可惜了～♥ 聖核戰姬們都被我們打敗了呢…沒人會來救你們的哦？」,
,,,,,,
Hisui.Fallen3-36,,「諦めて、さっさと射精しなさいっ！」,「諦めて、さっさと射精しなさいっ！」,,「放棄吧，趕快射精吧！」,
,,,,,,
Hisui.Fallen3-37,,パチュッ♥、パチュッ♥、パチュッ♥,パチュッ♥、パチュッ♥、パチュッ♥,,「啪唧♥，啪唧♥，啪唧♥」,
,,,,,,
Hisui.Fallen3-38,市民C,「ぐうっ…で、でるっ……！！」,「ぐうっ…で、でるっ……！！」,,「咕…出、出來了……！！」,
,,,,,,
Hisui.Fallen3-39,Hisui story DLC 4-12,ドクッ…ビュルルッ！,ドクッ…ビュルルッ！,,咕…嗡嗡！,
,,,,,,
Hisui.Fallen3-40,K46号,「キィーーッ！出しちゃいましたねっ♥これであなたも戦闘員の仲間入りですっ♥」,「キィーーッ！出しちゃいましたねっ♥これであなたも戦闘員の仲間入りですっ♥」,,「咦咦ー！你也出來了呢♥ 這樣你也成為戰鬥員的一員了呢♥」,
,,,,,,
Hisui.Fallen3-41,,「キィーーッ！あなたも財団の為に身を捧げるのですっ！」,「キィーーッ！あなたも財団の為に身を捧げるのですっ！」,,「咦咦ー！你也要為財團奉獻自己的身心！」,
,,,,,,
Hisui.Fallen3-42,,その時、別の女戦闘員が現れる,その時、別の女戦闘員が現れる,,在那時，另一名女戰鬥員出現了。,
,,,,,,
Hisui.Fallen3-43,K47号,「キィーーッ！K46号、この先の地下鉄にメス共が大量に隠れているのが発見されました。増援の要請です。」,「キィーーッ！K46号、この先の地下鉄にメス共が大量に隠れているのが発見されました。増援の要請です。」,,「咦咦ー！K46號，發現大量雌性在地下鐵站的前方隱匿。請求增援。」,
,,,,,,
Hisui.Fallen3-44,K46号,「キィーーッ！了解しました！直ちに捕獲に向かいます！」,「キィーーッ！了解しました！直ちに捕獲に向かいます！」,,「咦咦ー！明白了！我們立刻前往捕獲！」,
,,,,,,
Hisui.Fallen3-45,K46号&K47号,「「キィーーーーーーッ！財団の為にッ！」」,「「キィーーーーーーッ！財団の為にッ！」」,,「「咦咦咦咦咦咦ー！為了財團！」」,
,,,,,,
Hisui.Fallen3-46,,そしてその後、K46号と戦闘員達によって地下鉄は制圧されるのだった,そしてその後、K46号と戦闘員達によって地下鉄は制圧されるのだった,,然後，K46號和戰鬥員們成功控制了地下鐵站。,
,暗転,,,,,
,,,,,,
Hisui.Fallen3-47,,――――アジトにて,――――アジトにて,,――――在根據地裡。,
,,,,,,
Hisui.Fallen3-48,K46号,(ふうっ……今日も沢山の市民を捕獲しました…),(ふうっ……今日も沢山の市民を捕獲しました…),,(呼……今天又捕獲了許多市民…),
,,,,,,
Hisui.Fallen3-49,,(しかし……もっと財団の為に働かなくては…身も心も下級戦闘員として捧げなくては…),(しかし……もっと財団の為に働かなくては…身も心も下級戦闘員として捧げなくては…),,然而……我必須更努力為了財團…不僅是身體，心靈也必須奉獻為下級戰鬥員…,
,,,,,,
Hisui.Fallen3-50,,(………………あれ？),(………………あれ？),,(………………咦？),
,,,,,,
Hisui.Fallen3-51,,(――――“私”………なんで………？),(――――“私”………なんで………？),,(――――“我”……為什麼……？),
,,,,,,
Hisui.Fallen3-52,,(……………何か……大事なことを忘れているよな……？),(……………何か……大事なことを忘れているよな……？),,(……………有什麼……重要的事情被忘記了吧……？),
,,,,,,
Hisui.Fallen3-53,,(……任務以外で……大事な事……？),(……任務以外で……大事な事……？),,(……除了任務之外……重要的事情……？),
,,,,,,
Hisui.Fallen3-54,,(……駄目です……戦闘員には余計な思考は禁止されているのですから！),(……駄目です……戦闘員には余計な思考は禁止されているのですから！),,(……不行……戰鬥員是禁止有多餘思考的！),
,,,,,,
Hisui.Fallen3-55,,(……でも………やっぱり何かが引っかかる気が…………),(……でも………やっぱり何かが引っかかる気が…………),,(……但是………還是感覺有什麼不對勁…………),
,,,,,,
Hisui.Fallen3-56,072号,「下級戦闘員、本日の任務ご苦労でした。」,「下級戦闘員、本日の任務ご苦労でした。」,,「下級戰鬥員，今天的任務辛苦了。」,
,,,,,,
Hisui.Fallen3-57,下級戦闘員&K46号,「「「「「「キィーーーーーーッ！」」」」」」,「「「「「「キィーーーーーーッ！」」」」」」,,「「「「「「咿——！」」」」」」,
,,,,,,
Hisui.Fallen3-58,,「さて、任務が終わった所で疲れているでしょうが…」,「さて、任務が終わった所で疲れているでしょうが…」,,「好了，任務結束後應該有些疲累吧…」,
,,,,,,
Hisui.Fallen3-59,072号,「……これからあなた達の定期メンテナンスを行います。私に付いてくるように。」,「……これからあなた達の定期メンテナンスを行います。私に付いてくるように。」,,「……現在要進行你們的定期維護。請跟著我。」,
,,,,,,
,暗転,,,,,
,Hisui story DLC 2-6,,,,,
Hisui.Fallen3-60,,(……また……この洗脳装置……),(……また……この洗脳装置……),,(……再次……這個洗腦裝置……),
,,,,,,
Hisui.Fallen3-61,,(…………前ここに繋がれた時は………私……なにしてたっけ……),(…………前ここに繋がれた時は………私……なにしてたっけ……),,(……之前被綁在這裡的時候……我……在做什麼來著……),
,,,,,,
Hisui.Fallen3-62,,(あれ……そのもっと前は………？),(あれ……そのもっと前は………？),,(那個……再往前是……？),
,,,,,,
Hisui.Fallen3-63,,【メンテナンスシステム起動。対象戦闘員の再調整を実施します】,【メンテナンスシステム起動。対象戦闘員の再調整を実施します】,,【啟動維護系統。進行對象戰鬥員的再調整】,
,,,,,,
Hisui.Fallen3-64,,バチバチバチッ！！,バチバチバチッ！！,,嘭嘭嘭！！,
,,,,,,
Hisui.Fallen3-65,K46号,「キィッ！？お゛おっ♥おおおっ～～♥♥！？」,「キィッ！？お゛おっ♥おおおっ～～♥♥！？」,,「啊！？喔♥喔喔～～♥♥！？」,
,,,,,,
Hisui.Fallen3-66,,(あっ♥……これっ……また……♥),(あっ♥……これっ……また……♥),,(啊♥……這個……又……♥),
,,,,,,
Hisui.Fallen3-67,,(頭の中っ……ふわふわして……何も……考えられなくなって……♥),(頭の中っ……ふわふわして……何も……考えられなくなって……♥),,(腦袋裡……感覺飄飄然的……什麼都……想不起來了……♥),
,,,,,,
Hisui.Fallen3-68,,そしてK46号に芽生えた違和感は洗脳と共に全て消え去る,そしてK46号に芽生えた違和感は洗脳と共に全て消え去る,,而在K46號上萌生的不適感將隨著洗腦一起完全消失。,
,,,,,,
Hisui.Fallen3-69,,(……キィーーーーッ！！それでいいんです♥、そう！私は……戦闘員なのだから！),(……キィーーーーッ！！それでいいんです♥、そう！私は……戦闘員なのだから！),,(……喔～～～！！這樣就好♥，對！我是……戰鬥員嘛！),
,,,,,,
Hisui.Fallen3-70,,(私の役割は……下級戦闘員K46号として財団に尽くす事……♥),(私の役割は……下級戦闘員K46号として財団に尽くす事……♥),,(我的角色是……作為下級戰鬥員K46號為財團服務……♥),
,,,,,,
Hisui.Fallen3-71,,(キィーーーーーーッ！財団に栄光をッ！),(キィーーーーーーッ！財団に栄光をッ！),,(喔～～～～～～！！為財團帶來榮耀吧！),
,,,,,,
Hisui.Fallen3-72,,(私は……下級戦闘員K46号っ……♥」,(私は……下級戦闘員K46号っ……♥」,,(我是……下級戰鬥員K46號……♥),
,,,,,,
Hisui.Fallen3-73,,(キィーーーーーーッ！),(キィーーーーーーッ！),,(喔～～～～～～！！),
,,,,,,
Hisui.Fallen3-74,,(キィーーーーーーッ！),(キィーーーーーーッ！),,(喔～～～～～～！！),
,,,,,,
Hisui.Fallen3-75,,(キィーーーーーーッ！),(キィーーーーーーッ！),,喔～～～～～～！！,
,,,,,,
Hisui.Fallen3-76,,(キィーーーーーーッ！),(キィーーーーーーッ！),,喔～～～～～～！！,
,,,,,,
Hisui.Fallen3-77,,その後、K46号は二度とヒスイとしての自我を持つことは無くなり、K46号として財団に尽くす戦闘員となるのだった。,その後、K46号は二度とヒスイとしての自我を持つことは無くなり、K46号として財団に尽くす戦闘員となるのだった。,,其後，K46號再也沒有擁有翡翠的自我，成為全心全意為財團服務的戰鬥員。,
,,,,,,
Hisui.Fallen3-78,,――――――――,――――――――,,――――――――,
,,,,,,
Hisui.Fallen3-79,,――――,――――,,――――,
,,,,,,
Hisui.Fallen3-80,,ー,ー,,――,
,,,,,,
Hisui  Debauchery Scene,注釈,淫乱化シーン２,,聖核ちシーン,淫亂化場景２,
,,,,,,
Hisui.Horny1-1,,財団アジトにて――――,,,在財團基地內――――,
,,,,,,
Hisui.Horny1-2,K46号,「キィーーーーーーッ！K46号、ただいま参りましたッ！」,,,「咦―――！K46號，我回來了！」,
,,,,,,
Hisui.Horny1-3,エレナ,「ああ、来ましたかK46号。」,,,「啊，來了嗎，K46號。」,
,,,,,,
Hisui.Horny1-4,K46号,「キィーーーーッ！」,,,「咦―――！」,
,,,,,,
Hisui.Horny1-5,エレナ,「今回はプロバガンダAVの撮影です。K46号は奉仕任務にも非常に評判が良いようでしたので…」,,,「這次是拍攝宣傳AV的任務。由於K46號在服務任務上聲譽很好...」,
,,,,,,
Hisui.Horny1-6,K46号,「キィーーーーッ！ありがとうございます！光栄でありますっ！」,,,「咦―――！謝謝！我感到榮幸！」,
,,,,,,
Hisui.Horny1-7,エレナ,「よろしい。それで貴女に任せたい役ですが…」,,,「好的。這個角色我想交給您處理...」,
,,,,,,
Hisui.Horny1-8,,,,,,
,,,,,,
Hisui.Horny1-9,K46号(変身),「……これはっ？」,,,「......這是？」,
,,,,,,
Hisui.Horny1-10,エレナ,「それは最後まで我々フォーレン財団に抗った最後の聖核戦姫、西園寺ヒスイの“コスプレ衣装”です。」,,,「這是最後一位對抗我們福倫財團的最後一位聖核戰姬，西園寺翡翠的“角色扮演服裝”。」,
,,,,,,
Hisui.Horny1-11,K46号,「キィーーーーーッ！な、なんというか…不気味な服装ですね…っ！」,,,「咦―――！這、這穿著…有點詭異呢…！」,
,,,,,,
Hisui.Horny1-12,エレナ,「ふふっ…まあ安っぽいコスプレですが似合っていますよ。まるで本当に愚かなあの女のようです。」,,,「呵呵…雖然是廉價的角色扮演，但你穿起來很適合。就像是那個愚蠢女人一樣。」,
,,,,,,
Hisui.Horny1-13,K46号,「キィーーーーッ！ありがとうございます！不愉快な恰好ですが、全力で演技いたします！」,,,「咦―――！謝謝！雖然穿著令人不快，但我會全力以赴演出！」,
,,,,,,
Hisui.Horny1-14,エレナ,「ええ、期待しています。それでは撮影を始めましょうか…」,,,「是的，我很期待。那麼，我們開始拍攝吧...」,
,,,,,,
Hisui.Horny1-15,,,,,,
,,,,,,
Hisui.Horny1-16,Hisui＆Erena　１－１,AV撮影部屋にて,,,在AV拍攝室內。,
,,,,,,
Hisui.Horny1-17,エレナ,「くうっ……聖核戦姫であるこの私……清藤エレナがこんな雑魚戦闘員にっ……！」,,,「咕……身為聖核戰姬的我……清藤艾蓮娜竟然被這種小角色戰鬥員給……！」,
,,,,,,
Hisui.Horny1-18,ヒスイ,「そっ、そんなぁ……エレナ先輩が負けるなんてっ……！」,,,「這、這怎麼……艾蓮娜前輩居然會輸……！」,
,,,,,,
Hisui.Horny1-19,戦闘員,「グフフッ、聖核戦姫といえども大したことは無かったなあ？」,,,「呵呵呵，即使是聖核戰姬，也沒什麼了不起的嘛？」,
,,,,,,
Hisui.Horny1-20,ヒスイ,「ううぅ…エレナ先輩っ……」,,,「嗚嗚…艾蓮娜前輩……」,
,,,,,,
Hisui.Horny1-21,エレナ,「心配しないで…ヒスイ！私がどうなっても貴女を守るからっ…！」,,,「不要擔心…翡翠！無論我如何，我都會保護你的…！」,
,,,,,,
Hisui.Horny1-22,ヒスイ,「え、エレナ先輩……！！」,,,「哎、艾蓮娜前輩……！！」,
,,,,,,
Hisui.Horny1-23,戦闘員,「おーおー泣かせるねえ？これが聖核戦姫の絆か？」,,,「喔喔，讓你哭了嗎？這就是聖核戰姬的羈絆嗎？」,
,,,,,,
Hisui.Horny1-24,,「だが負けた聖核戦姫はどうなるか理解していないんじゃねえか？」,,,「但是輸掉的聖核戰姬會怎麼樣，你難道沒有理解嗎？」,
,,,,,,
Hisui.Horny1-25,エレナ,「な、何をするつもりですか……！？」,,,「你、你打算做什麼……！？」,
,,,,,,
Hisui.Horny1-26,戦闘員,「グフフッ、こうなるんだよっ……！」,,,「咕噗噗，就是這樣了……！」,
,,,,,,
Hisui.Horny1-27,Hisui＆Erena　１－２,そして戦闘員はラバースーツを脱いでチンポをエレナとヒスイの尻に押し当てる,,,然後戰鬥員脫下橡膠衣，將陰莖壓在艾蓮娜和翡翠的臀部上。,
,,,,,,
Hisui.Horny1-28,ヒスイ,「ああんっ♥、なんですかぁっ！？これぇ♥！」,,,「啊啊♥，這是什麼啊！？」,
,,,,,,
Hisui.Horny1-29,エレナ,「き、気持ち悪いっ…♥！何をするつもりですかあっ…♥」,,,「你、你好噁心啊…♥！你打算做什麼啊…♥」,
,,,,,,
Hisui.Horny1-30,,言葉とは裏腹に、二人の表情は淫猥な笑みを浮かべている,,,儘管言辭正派，兩人的表情卻掛著淫蕩的笑容。,
,,,,,,
Hisui.Horny1-31,戦闘員,「ああっ？今からお前らのマンコにぶち込んで犯してやるんだよ…！」,,,「啊啊？現在就要把你們的穴插進去，犯你們了…！」,
,,,,,,
Hisui.Horny1-32,ヒスイ,「あんっ♥…いやあっ♥…そんな事っ酷いですっ♥」,,,「啊♥…不要♥…這樣太過分了♥」,
,,,,,,
Hisui.Horny1-33,エレナ,「ううっ…♥なんて卑劣な……♥」,,,「唔唔…♥多卑鄙的……♥」,
,,,,,,
Hisui.Horny1-34,ヒスイ,「ううっ♥……エレナ先輩っ……どうすればっ♥…！」,,,「唔唔…♥……艾蓮娜前輩……該怎麼辦才好♥…！」,
,,,,,,
Hisui.Horny1-35,エレナ,「戦闘員……私があなたたち二人の相手をする…だから！ヒスイには手を出さないで…！」,,,「戰鬥員……我來對付你們兩個…所以！不要對翡翠出手…！」,
,,,,,,
Hisui.Horny1-36,ヒスイ,「え、エレナ先輩っ…！」,,,「哎、艾蓮娜前輩…！」,
,,,,,,
Hisui.Horny1-37,戦闘員,「ははっ！後輩思いの良い奴じゃねえか！いいぜ…お前を先に相手してやる…」,,,「哈哈！真是顧後輩的好傢伙啊！好吧…我會先和你對戰的…」,
,,,,,,
Hisui.Horny1-38,,「ただし、条件がある…お前が俺達を先にイカせられたらだ。そうしたら後輩ちゃんには手を出さねえでやるよっ！」,,,「但是，有個條件…如果你能先讓我們感到振奮的話。那麼我就不會對後輩們出手！」,
,,,,,,
Hisui.Horny1-39,エレナ,「の、望むところっ…！私が聖核戦姫の強さと誇りを証明するっ…！」,,,「這就是我的願望…！我要證明聖核戰姬的力量和驕傲…！」,
,,,,,,
Hisui.Horny1-40,戦闘員,「ははっ、その強情さがいつまで続くかな…？オラッ！！」,,,「哈哈，這種固執會持續多久呢…？來吧！！」,
,,,,,,
Hisui.Horny1-41,Hisui＆Erena　1－3,ズブッ！！,,,刺！,
,,,,,,
Hisui.Horny1-42,エレナ,「ひうっ♥！？、お゛おおっ♥！」,,,「唔♥！？哦、哦♥！」,
,,,,,,
Hisui.Horny1-43,戦闘員,「ははっ？あ？入れただけでイッってんじゃねえか？」,,,「哈哈？啊？就這樣進來就達到高潮了嗎？」,
,,,,,,
Hisui.Horny1-44,ヒスイ,「そんなぁっ♥♥エレナ先輩うらやま…じゃなくて♥頑張ってくださいっ♥！」,,,「這樣啊♥♥艾蓮娜前輩好羨慕…不對♥請加油哦♥！」,
,Hisui＆Erena　１－4,,,,,
Hisui.Horny1-45,,「い、イッってないっ、私は聖核戦姫…っこんな事でえっ♥！」,,,「我、我還沒達到高潮，我是聖核戰姬…這種事情怎麼可能啊♥！」,
,,,,,,
Hisui.Horny1-46,戦闘員,「そうかよっ、じゃあ行くまでブチ犯してやるっ！」,,,「是嗎，那就等我親自來懲罰你！」,
,,,,,,
Hisui.Horny1-47,,パンッ！パンッ！パンッ！,,,敲擊！敲擊！敲擊！,
,,,,,,
Hisui.Horny1-48,エレナ,「あんっ♥、ああっ♥、やんっ♥！」,,,「唔♥、啊♥、不要♥！」,
,,,,,,
Hisui.Horny1-49,戦闘員,「オラッ、どうだ？俺様の改造戦闘員チンポはっ！」,,,「喲，怎麼樣？看看我的改造戰鬥員陽具！」,
,,,,,,
Hisui.Horny1-50,,「ふふふっ♥、ご主人様ほどではないですがっ♥、なかなか良いんじゃないですかっ♥？」,,,「呵呵呵♥，雖然不及主人您的水準♥，但還算不錯對吧♥？」,
,,,,,,
Hisui.Horny1-51,戦闘員,「おっ、あ、ありがとうございま…じゃねえっ！オラッ！」,,,「哦，謝謝…不是！喲！」,
,,,,,,
Hisui.Horny1-52,Hisui＆Erena　１－６,パンッ！パンッ！パンッ！,,,敲擊！敲擊！敲擊！,
,,,,,,
Hisui.Horny1-53,エレナ,「やあっ♥、ああんっ♥、私ッ、聖核戦姫なのに…後輩の前でこんな痴態をっ…♥」,,,「嘿♥、啊啊♥、我明明是聖核戰姬…竟然在後輩面前露出這樣的狀態…♥」,
,,,,,,
Hisui.Horny1-54,ヒスイ,「え、エレナ先輩っ！負けないでくださいっ♥！」,,,「哎呀，艾蓮娜前輩！請不要輸掉啊♥！」,
,,,,,,
Hisui.Horny1-55,エレナ,「あっ♥、あんっ♥、戦闘員のおチンポがッ♥、子宮をノックしてますッ♥」,,,「啊♥、啊♥、戰鬥員的小弟弟在敲擊子宮呢♥」,
,,,,,,
Hisui.Horny1-56,,「ああっ♥、戦闘員のチンポっ♥…我慢…できないぃっ♥！」,,,「啊♥、戰鬥員的小弟弟♥…無法忍耐…啊♥！」,
,,,,,,
Hisui.Horny1-57,ヒスイ,「ああっ♥、そんなぁ♥、エレナ先輩っ…負けないで…♥」,,,「啊♥、這樣啊♥、艾蓮娜前輩…請不要輸掉…♥」,
,,,,,,
Hisui.Horny1-58,エレナ,「あっ♥、ごめんなさいっ♥…私っ…♥戦闘員のチンポに…負けそうですッ…♥」,,,「啊♥、對不起♥…我…♥好像要輸給戰鬥員的小弟弟了…♥」,
,,,,,,
Hisui.Horny1-59,,パンッ！パンッ！パンッ！,,,轟隆！轟隆！轟隆！,
,,,,,,
Hisui.Horny1-60,ヒスイ,(ああっ♥、あの敬愛する幹部のエレナ様が犯されているところがこんなに近くで見れるなんて…♥),,,「啊♥、那位受尊敬的幹部艾蓮娜大人正在被侵犯的場景，竟然可以這麼近距離地看到…♥」,
,,,,,,
Hisui.Horny1-61,,(エレナ様は…そう♥…財団で初めて見た時から私の憧れでしたっ…♥),,,(艾蓮娜大人…是的♥…從在財團初次見到您起，就一直是我的憧憬♥),
,,,,,,
Hisui.Horny1-62,,(まるでずっと昔から私の憧れの方だったように…♥),,,(就像一直以來都是我憧憬的對象一樣…♥),
,,,,,,
Hisui.Horny1-63,エレナ,「ああっ♥、ごめんなさいっ♥、ヒスイっ♥、戦闘員のチンポッ♥、強すぎますうぅっ♥」,,,「啊啊♥、對不起♥、翡翠♥、戰鬥員的小弟弟♥、太強了嗚嗚♥」,
,,,,,,
Hisui.Horny1-64,戦闘員,「おいおいいいのか？可愛い後輩ちゃんが犯されちまうぞ？」,,,「喂喂，這樣就好了嗎？可愛的後輩被侵犯了喔？」,
,,,,,,
Hisui.Horny1-65,エレナ,「あんっ♥そ、それは…っ♥」,,,「唔♥ 那、那個是…♥」,
,,,,,,
Hisui.Horny1-66,戦闘員,「それとも…俺のチンポがもっと欲しくなっちまったかあ？」,,,「還是…你是不是更想要我的小弟弟了？」,
,,,,,,
Hisui.Horny1-67,エレナ,「ああっ♥、ほ、ほしいですっ♥、勝てないッ♥、清藤エレナッ♥、戦闘員のおチンポに負けましたっ♥」,,,「啊啊♥、我、我想要♥、無法勝過♥、清藤艾蓮娜♥、被戰鬥員的小弟弟打敗了♥」,
,,,,,,
Hisui.Horny1-68,,「私のおマンコにっ♥…戦闘員様のせーえき…♥沢山注いでくださいっ…♥！」,,,「我的小穴♥...戰鬥員大人的精液...♥請多多射進來...♥！」,
,,,,,,
Hisui.Horny1-69,戦闘員,「いいぜっ！敗北の印として…くらえっ！」,,,「好啊！作為失敗的標誌...受死吧！」,
,,,,,,
Hisui.Horny1-70,Hisui＆Erena　１－７,ドクッ、ドクドクドクッ！！,,,滴、滴滴滴滴！！,
,,,,,,
Hisui.Horny1-71,エレナ,「っ～～～～～～～♥！！！」,,,「啊～～～～～～♥！！！」,
,,,,,,
Hisui.Horny1-72,エレナ,「あひっ♥、い、イキましたぁっ♥！中だしでっ…絶頂敗北ですっ♥！」,,,「啊嗚♥、我、我高潮了♥！中出去了...絕頂失敗了♥！」,
,,,,,,
Hisui.Horny1-73,ヒスイ,「ああっ♥、そんな…エレナ先輩っ……♥」,,,「啊啊♥，這樣…艾蓮娜前輩……♥」,
,,,,,,
Hisui.Horny1-74,,「ひどいですっ♥、それじゃあ…私も犯されちゃいますっ♥」,,,「好可怕♥，這樣的話…我也會被侵犯的♥」,
,,,,,,
Hisui.Horny1-75,エレナ,「ふふっ♥そうですよ…貴女も戦闘員様に犯してもらいましょう…？」,,,「呵呵♥ 是的呢…讓您也被戰鬥員大人來侵犯吧…？」,
,,,,,,
Hisui.Horny1-76,,「そうっ♥…それが私達聖核戦姫の未来なのですっ♥！」,,,「是的♥…這就是我們聖核戰姬的未來♥！」,
,,,,,,
Hisui.Horny1-77,ヒスイ,「そっ、そんなあっ♥…」,,,「那、那樣啊♥…」,
,,,,,,
Hisui.Horny1-78,戦闘員,「あ～あ、可哀そうになあ？見捨てられちまったな」,,,「啊～啊，可憐的嗎？被拋棄了呢」,
,,,,,,
Hisui.Horny1-79,ヒスイ,「うっ♥ううっ♥…エレナ先輩っ……♥」,,,「唔♥ 唔唔♥…艾蓮娜前輩……♥」,
,,,,,,
Hisui.Horny1-80,,「こ、このままじゃ私も…戦闘員様にハメられちゃいますっ…♥！」,,,「這、這樣下去的話我也會被戰鬥員大人給上了呢…♥！」,
,,,,,,
Hisui.Horny1-81,戦闘員,「ははっ、残念だったなっ！じゃあ俺も使わせてもらうぜ…オラッ！」,,,「哈哈，真可惜啊！那我也來使用一下吧…喔啦！」,
,,,,,,
Hisui.Horny1-82,Hisui＆Erena　１－８,ズプウッ！！,,,轟隆！！,
,,,,,,
Hisui.Horny1-83,ヒスイ,「ひうっ♥！？ああんっ♥！！」,,,「嗚♥！？啊啊♥！！」,
,,,,,,
Hisui.Horny1-84,,パンッ！パンッ！パンッ！,,,轟隆！轟隆！轟隆！,
,,,,,,
Hisui.Horny1-85,,「ああっ♥、私っ……聖核戦姫なのにっ……♥！」,,,「啊啊♥，我……明明是聖核戰姬的……♥！」,
,,,,,,
Hisui.Horny1-86,,「で、でもっ♥、エレナ先輩と一緒に犯してもらえるなら…♥…悪くないかもしれません…っ♥」,,,「那、那個♥，如果能和艾蓮娜前輩一起進行的話…♥…或許也不壞…♥」,
,,,,,,
Hisui.Horny1-87,エレナ,「ふふっ♥、そうです…♥！貴女も私と一緒に…♥戦闘員様にご奉仕ししましょう…！」,,,「噗噗♥，是的…♥！您也和我一起…♥侍奉戰鬥員大人吧…！」,
,,,,,,
Hisui.Horny1-88,ヒスイ,「ああっ♥、はいっ♥…エレナ先輩がそう言うならっ……♥」,,,「啊啊♥，好的♥…如果艾蓮娜前輩這麼說的話……♥」,
,,,,,,
Hisui.Horny1-89,,「私もっ♥…戦闘員様にご奉仕しますうっ…♥！」,,,「我也♥…將侍奉戰鬥員大人…♥！」,
,,,,,,
Hisui.Horny1-90,エレナ,「あんっ♥、そうですッ♥…私達聖核戦姫は財団に負けたんですから…♥」,,,「唔♥，是的♥…我們聖核戰姬輸給了財團…♥」,
,,,,,,
Hisui.Horny1-91,,「強者である戦闘員様に媚びてご奉仕するのが定め…♥」,,,「侍奉強者戰鬥員大人是我的宿命…♥」,
,,,,,,
Hisui.Horny1-92,ヒスイ,「はいっ♥……一緒に大人しく犯されますうっ…♥！」,,,「好的♥……和您一起安靜地被侵犯…♥！」,
,,,,,,
Hisui.Horny1-93,,パンッ！パンッ！パンッ！パンッ！,,,敲擊！敲擊！敲擊！敲擊！,
,,,,,,
Hisui.Horny1-94,ヒスイ,「あっ♥、戦闘員様のおチンポっ♥、ドクドクッ言ってますっ♥」,,,「啊♥，戰鬥員大人的雞雞♥，正在滴答滴答地說話♥」,
,,,,,,
Hisui.Horny1-95,,「はあっ♥、お出しくださいっ♥、敗北した聖核戦姫の雑魚マンコにッ♥」,,,「呼啊♥，請出來吧♥，給敗北的聖核戰姬的廢物穴♥」,
,,,,,,
Hisui.Horny1-96,,「戦闘員様の強者の精液っ♥、敗北の印を刻み込んでくださいっ♥」,,,「戰鬥員大人的強者之精液♥，請刻上敗北的印記♥」,
,,,,,,
Hisui.Horny1-97,,ドクッ、ドクドクドクッ！！,,,滴答、滴答滴答滴答！！,
,,,,,,
Hisui.Horny1-98,ヒスイ,「あっ♥、あっ♥、戦闘員様のおちんぽっ♥、精液出てますうっ♥！」,,,「啊♥，啊♥，戰鬥員大人的雞雞♥，精液流出來了呢♥！」,
,,,,,,
Hisui.Horny1-99,,「私っ、聖核戦姫なのにっ♥…こんなのに気持ちよくなっちゃいけないのにっ…♥！」,,,「我，身為聖核戰姬♥...不該對這種事感到舒服的♥...！」,
,,,,,,
Hisui.Horny1-100,,「もう勝てないっ…♥、完全に負けましたあっ♥！」,,,「已經無法贏了...♥，完全輸了啊♥！」,
,,,,,,
Hisui.Horny1-101,,(ああっ♥、エレナ様を見ながら戦闘員様にも犯していただけるなんてっ…♥),,,「啊啊♥，居然能在看著艾蓮娜大人的同時，被戰鬥員大人犯♥...！」,
,,,,,,
Hisui.Horny1-102,,(下級戦闘員の私にとってはこれ以上ない光栄ですっ…♥),,,(對於像我這樣的下級戰鬥員來說，再沒有比這更光榮的事情了...♥),
,,,,,,
Hisui.Horny1-103,,(キィーーーーッ！って言いたくなるけど…我慢っ♥今はAVの撮影中なんですから…♥),,,(雖然想要尖叫起來...但要忍耐♥ 現在正在進行AV拍攝呢...♥),
,,,,,,
Hisui.Horny1-104,ヒスイ,「あんっ♥、戦闘員様のおちんぽっ♥凄すぎっ♥、こんなのっ♥、財団の為に忠誠を捧げたくなっちゃいます♥！」,,,「啊♥，戰鬥員大人的雞雞♥太厲害了♥，這樣的事情♥，讓我想要為了財團奉獻忠誠♥！」,
,,,,,,
Hisui.Horny1-105,エレナ,「ええっ♥、もう聖核戦姫なんて終わりですっ♥、一緒に財団に忠誠を捧げましょう♥」,,,「啊啊♥，聖核戰姬已經完結了♥，讓我們一起向財團奉獻忠誠吧♥」,
,,,,,,
Hisui.Horny1-106,戦闘員,「ははっ！完全に堕ちやがった…いいぜっ貴様らを財団に迎えてやる…！」,,,「哈哈！完全墮落了...好吧，我會將你們引入財團...！」,
,,,,,,
Hisui.Horny1-107,ヒスイ,「あ、ありがとうございますっ♥、聖核戦姫やめて…財団に忠誠を捧げますっ！！」,,,「啊、謝謝您♥，請停止聖核戰姬...我會向財團奉獻忠誠！！」,
,,,,,,
Hisui.Horny1-108,,「キィーーーーーーッ！」,,,「尖叫ーーーーー！」,
,,,,,,
,,,,,,
,,,,,,
Hisui  Debauchery Scene　2,注釈,淫乱化シーン２,,,淫亂化場景２,
,,,,,,
Hisui.Horny2-1,Hisui＆Erena　2ｰ1,財団アジトにて――――,,,在財團基地內———,
,,,,,,
Hisui.Horny2-2,エレナ,「ああんっ♥なんですかっ♥この服っ♥…？」,,,「啊啦♥這是什麼♥這身衣服♥…？」,
,,,,,,
Hisui.Horny2-3,ヒスイ,「体にぴったりと張り付いて…気持ちいい…わるいですうっ…♥」,,,「貼身緊貼在身上...感覺舒服...真是不好意思...♥」,
,,,,,,
Hisui.Horny2-4,戦闘員,「それは貴様らが我が財団の一員になった印の下級戦闘員服だ。」,,,「那是貴様們成為我們財團一員的標誌，下級戰鬥員的制服。」,
,,,,,,
Hisui.Horny2-5,エレナ,「ああっ♥、そんなっ♥……エリート聖核戦姫の私があんな下級戦闘員になんて…♥」,,,「啊啦♥，這樣的事情♥……身為精英聖核戰姬的我怎麼可能變成那種下級戰鬥員呢…♥」,
,,,,,,
Hisui.Horny2-6,ヒスイ,「屈辱的です……♥、でもっ♥……なんだかドキドキしてしまいますっ♥」,,,「屈辱的……♥，但是♥……不知怎麼地心跳加速了起來♥」,
,,,,,,
Hisui.Horny2-7,戦闘員,「ははっ、聖核戦姫の服なんかよりに合ってるんじゃねえか？」,,,「哈哈，這身衣服比聖核戰姬的更合適吧？」,
,,,,,,
Hisui.Horny2-8,エレナ,「ひどいっ♥…でもっ♥、この服っ…戦闘員様と同じ格好で…興奮してしまいます…♥」,,,「好糟糕♥...但是♥，這身衣服...和戰鬥員大人一樣的打扮...讓我有點興奮...♥」,
,,,,,,
Hisui.Horny2-9,ヒスイ,「はあっ♥、はあっ♥、このまま……♥犯されたら……本当に心の中まで戦闘員に……♥」,,,「呼啊♥，呼啊♥，這樣下去……♥如果被侵犯的話……心靈真的會變成戰鬥員的……♥」,
,,,,,,
Hisui.Horny2-10,ヒスイ,(ああっ♥…嬉しいっ♥……この戦闘服こそ私の誇りですっ♥！),,,「啊啦♥…好高興♥……這戰鬥服才是我的驕傲呢♥！」,
,,,,,,
Hisui.Horny2-11,,(さっきまであんなダサい聖核戦姫の服を着ていたなんて…ゾッとしますね…♥),,,(剛才還穿著那麼土的聖核戰姬服裝…真讓人毛骨悚然呢…♥),
,,,,,,
Hisui.Horny2-12,,(キィーーーーッ！はあっ♥、はあっ♥、戦闘員様っ♥…早く私におチンポをっ…♥！),,,(啊啊啊啊啊！呼啊♥，呼啊♥，戰鬥員大人♥…快點給我肉棒♥…！),
,,,,,,
Hisui.Horny2-13,戦闘員,「ははっ！新しい下級戦闘員共！最初の任務だ…俺達のチンポに奉仕しろっ！」,,,「哈哈！新來的下級戰鬥員們！這是你們的第一個任務…要侍奉我們的肉棒！」,
,,,,,,
Hisui.Horny2-14,Hisui＆Erena　2－2,ズプッ！ドチュッ！！,,,滴答！哗啦！！,
,,,,,,
Hisui.Horny2-15,エレナ＆ヒスイ,「「キィーーーーーーッ♥♥！」」,,,「「啊啊啊啊啊啊啊啊啊♥♥！」」,
,Hisui＆Erena　２－３,,,,,
Hisui.Horny2-16,エレナ,「はあっ♥、あっ♥、戦闘員様のちんぽっ♥…！」,,,呼啊♥，啊♥，戰鬥員大人的肉棒♥…！,
,,,,,,
Hisui.Horny2-17,ヒスイ,「キィーーーッ！♥…あんっ♥、すごいっ♥一突きされるごとにっ♥体が服従しちゃいますっ♥」,,,「啊啊啊啊啊！♥…啊♥、好厲害♥每一次刺入♥身體都會屈從♥」,
,,,,,,
Hisui.Horny2-18,戦闘員,「ははっ、そういやこれを忘れてたな！」,,,「哈哈，對了，這個我忘了！」,
,,,,,,
Hisui.Horny2-19,Hisui＆Erena　２－４,戦闘員がそう言うとヒスイとエレナは頭も戦闘員の仮面で覆われる,,,當戰鬥員這樣說時，翡翠和艾蓮娜的頭也被戰鬥員的面具覆蓋住。,
,,,,,,
Hisui.Horny2-20,ヒスイ,「ああっ♥これってっ…戦闘員の…仮面っ♥」,,,「啊啊♥這個是…戰鬥員的…面具♥」,
,,,,,,
Hisui.Horny2-21,エレナ,「私がっ♥……本当に下級戦闘員に…♥」,,,「我被♥……真的變成了下級戰鬥員…♥」,
,,,,,,
Hisui.Horny2-22,戦闘員,「ははっ、もうどっちがどっちか見分けがつかねえな！」,,,「哈哈，已經分不清哪個是哪個了！」,
,,,,,,
Hisui.Horny2-23,ヒスイ,「キィーーーーッ！はいっ♥、これでぇ♥、私は完全に無個性の下級戦闘員ですっ♥！」,,,「啊啊啊啊啊！好的♥，這樣♥，我完全成為了毫無個性的下級戰鬥員了♥！」,
,,,,,,
Hisui.Horny2-24,エレナ,「ああっ♥…私もっ♥…今は下級戦闘員…♥男性戦闘員様以下の雑魚ですっ♥」,,,「啊啊♥…我也♥…現在是下級戰鬥員…♥比男性戰鬥員大人還低劣的小垃圾♥」,
,,,,,,
Hisui.Horny2-25,,「そう…今は目の前にいる下級戦闘員と同じなんですね…♥」,,,「是的…現在和眼前的下級戰鬥員一樣呢…♥」,
,,,,,,
Hisui.Horny2-26,ヒスイ,「キィーーーーッ！そ、そうですっ…エレナ様と言えど…今は下級戦闘員ですからっ♥」,,,「啊啊啊啊啊！對、對呀…即使是艾蓮娜大人…現在也只是個下級戰鬥員啦♥」,
,,,,,,
Hisui.Horny2-27,,(……！私は撮影中とはいえエレナ様と同じ立場…♥なんて恐れ多いんでしょうっ♥),,,(……！我雖然是在拍攝中，但和艾蓮娜大人處於同樣的位置…♥這真是太過恐怖了吧♥),
,,,,,,
Hisui.Horny2-28,,(でもっ♥…すごくゾクゾクしますっ…♥あのエレナ様が無様な下級戦闘員になって目の前で喘いでいるなんてっ♥),,,(但是♥…感覺好刺激呢…♥看著那位艾蓮娜大人變成可悲的下級戰鬥員，在我眼前喘息著♥),
,,,,,,
Hisui.Horny2-29,ヒスイ,「はあっ♥、ほ、ほら…下級戦闘員！もっと男性戦闘員様にしっかりご奉仕しましょう！」,,,「呼啊♥，看、看啊…下級戰鬥員！讓我們更好地侍奉男性戰鬥員大人！」,
,,,,,,
Hisui.Horny2-30,,「下級戦闘員の挨拶はキィーーーーッ！です！キィーーーーッ♥！」,,,「下級戰鬥員的問候是啊啊啊啊啊！啊啊啊啊啊♥！」,
,,,,,,
Hisui.Horny2-31,エレナ,「…！分かりました…きィーーーーッ！」,,,「…！我知道了…啊啊啊啊啊！」,
,,,,,,
Hisui.Horny2-32,,そして二人の下級戦闘員は腰をうねらせ男性戦闘員のチンポへグチュグチュと快楽を与えていく,,,然後兩名下級戰鬥員擺動著腰部，對男性戰鬥員的「那個」進行舔舐，給予快樂。,
,,,,,,
Hisui.Horny2-33,ヒスイ,「キィーーーーーーッ！いかがですかっ♥…私のおマンコご奉仕っ…♥」,,,「啊啊啊啊啊！您感受如何♥…我這裡的服務…♥」,
,,,,,,
Hisui.Horny2-34,エレナ,「キィーーーーーッ！下級戦闘員の雑魚マンコっ♥…存分にご堪能くださいっ♥」,,,「啊啊啊啊啊！下級戰鬥員的菜鳥…♥…盡情享受吧♥」,
,,,,,,
Hisui.Horny2-35,,パンッ！パンッ！パンッ！パンッ！,,,砰！砰！砰！砰！,
,,,,,,
Hisui.Horny2-36,ヒスイ,「はあっ♥、はあっ♥、キィーーーーーーッ！」,,,「呼呼♥、呼呼♥、啊啊啊啊啊！」,
,,,,,,
Hisui.Horny2-37,エレナ,「ああっ♥…この私が…あの下級戦闘員共と同じ扱いを…♥キィーーーーーーッ♥！」,,,「啊啊♥…就是我…被那些下級戰鬥員們同等對待…♥啊啊啊啊啊！」,
,,,,,,
Hisui.Horny2-38,ヒスイ,「キィーーーーッ♥！はあっ♥、男性戦闘員様っ♥、はあっ♥」,,,「啊啊啊啊啊♥！呼呼♥、男性戰鬥員大人♥、呼呼♥」,
,,,,,,
Hisui.Horny2-39,エレナ,「きぃーーーっ♥！はあっ♥、はあっ♥」,,,「啊啊啊啊啊♥！呼呼♥、呼呼♥」,
,,,,,,
Hisui.Horny2-40,ヒスイ,「ふふっ♥、無様ですよっ…エレナ様…いいえ♥下級戦闘員っ♥」,,,「呼呼♥、很不像樣呢…艾蓮娜大人…不對♥下級戰鬥員♥」,
,,,,,,
Hisui.Horny2-41,エレナ,「キィーーーーッ！はあっ♥、うっ♥、私がこんな下級戦闘員に…っ♥」,,,「啊啊啊啊啊！呼呼♥、嗚♥、我竟然被這種下級戰鬥員…♥」,
,,,,,,
Hisui.Horny2-42,戦闘員,「ぐっ…うっ…出すぞっ…受け止めろっ！」,,,「咕嗚…嗚…發射了…接住吧！」,
,,,,,,
Hisui.Horny2-43,ヒスイ,「キィーーーーーッ♥！了解しましたっ！」,,,「啊啊啊啊啊♥！明白了！」,
,,,,,,
Hisui.Horny2-44,エレナ,「キィーーーーーーッ♥！はいっ♥、男性戦闘員様ぁ♥いつでもお出しくださいっ♥」,,,「啊啊啊啊啊啊♥！好的♥、男性戰鬥員大人♥隨時都可以出動哦♥」,
,,,,,,
Hisui.Horny2-45,Hisui＆Erena　２－５,ドクッ、ドクドクドクッ！！,,,滴滴、滴滴滴滴滴！！,
,,,,,,
Hisui.Horny2-46,ヒスイ,「お゛おっ♥！キィーーーーーーッ♥！キィーーーーーーッ♥！！」,,,「喔喔♥！啊啊啊啊啊啊♥！啊啊啊啊啊啊♥！！」,
,,,,,,
Hisui.Horny2-47,エレナ,「ああっ♥、キィーーーーーーッ！低級の戦闘員の精液がっ…私にっ♥」,,,「啊啊♥、啊啊啊啊啊啊！低級戰鬥員的精液…噢♥流進我體內了♥」,
,,,,,,
Hisui.Horny2-48,ヒスイ,「キィーーーーッ！はあっ♥、はあっ♥、射精確認ですっ…♥」,,,「啊啊啊啊啊！呼♥、呼♥、射精確認完畢…♥」,
,,,,,,
Hisui.Horny2-49,エレナ,「はあっ♥、下級戦闘員の雑魚マンコっ♥…お出しいただきありがとうございましたっ♥」,,,「呼♥、下級戰鬥員的菜鳥傢伙呢♥…感謝您的出動♥」,
,,,,,,
Hisui.Horny2-50,ヒスイ＆エレナ,「「キィーーーーーーッ♥♥！！」」,,,「「啊啊啊啊啊啊♥♥！！」」,
,,,,,,
Hisui.Horny2-51,ヒスイ,(ああっ♥…私のような下級戦闘員がエレナ様と一緒に快楽を享受できるなんて…♥),,,「啊啊♥…像我這樣的下級戰鬥員能和艾蓮娜大人一起享受快樂…♥」,
,,,,,,
Hisui.Horny2-52,,(これ以上ない光栄ですっ♥…下級戦闘員さいこうっ…♥),,,(再也沒有比這更光榮的了♥…下級戰鬥員最棒了…♥),
,,,,,,
Hisui.Horny2-53,,(キィーーーーーーッ！財団に忠誠をっ♥財団に忠誠をっ♥),,,「啊啊啊啊啊啊ーーーーー♥！對財團忠誠♥對財團忠誠♥」,
,,,,,,
Hisui.Horny2-54,,(キィーーーーーーッ♥！！！),,,(啊啊啊啊啊啊♥！！！),
,,,,,,
,,――――――――,,,――――――――,
,,,,,,
,,――――,,,――――――――,
,,,,,,
,,,,,,
,,,,,,
Hisui  Scene　Seikaku,注釈,聖核シーン,,聖核ちシーン,聖核場景,
,,,,,,
Hisui.Core1-1,背景：アジト,K46号が下級戦闘員として任務に従事する中――――,,,K46號作為一名下級戰鬥員參與任務時――――,
,,,,,,
Hisui.Core1-2,072号,「……ここにいましたか、K46号。連絡があります。」,,,「……K46號，你在這裡嗎。有消息。」,
,,,,,,
Hisui.Core1-3,K46号,「キィーーーッ！なんでしょうか？」,,,「咦──！怎麼了？」,
,,,,,,
Hisui.Core1-4,072号,「先日行った検査の結果、あなたの体内に異常が確認されました。」,,,「根據最近進行的檢查結果，確認到您體內存在異常。」,
,,,,,,
Hisui.Core1-5,K46号,「――――えっ…！」,,,「───咦…！」,
,,,,,,
Hisui.Core1-6,072号,「そういうわけで、K46号あなたは廃棄処分――――」,,,「因此，K46號你將被廢棄處分───」,
,,,,,,
Hisui.Core1-7,K46号,「キィーーーーッ！財団の為でしたら喜んで！」,,,「咦──！如果是為了財團，我樂意！」,
,,,,,,
Hisui.Core1-8,072号,「いえ、本来なら廃棄処分でしたが、あなたは優秀な下級戦闘員でしたので。廃棄ではなく治療が行われることになります。」,,,「不，本來應該是廢棄處分的，但由於您是優秀的下級戰鬥員。將進行治療，而非廢棄。」,
,,,,,,
Hisui.Core1-9,K46号,「！、キィーーーッ！身に余る光栄でありますっ！」,,,「！咦──！這是身不由己的光榮！」,
,,,,,,
Hisui.Core1-10,072号,「これから研究センターへ行きます。ついてきなさい。」,,,「我們要前往研究中心了。跟上來吧。」,
,,,,,,
Hisui.Core1-11,K46号,「キィーーーーーーッ！！」,,,「咦──！！」,
,,,,,,
,Hisui core 1-1,,,,,
,,,,,,
Hisui.Core1-12,,財団研究施設にて,,,在財團研究設施內。,
,,,,,,
Hisui.Core1-13,,K46号は聖核戦姫の格好となり、シーツの上で股を広げていた,,,K46號變身為聖核戰姬的造型，坐在床單上張開雙腿。,
,,,,,,
Hisui.Core1-14,K46号,「はあっ♥……な、なんですかっ？これはっ！」,,,「哈啊♥……這、這是什麼啊！」,
,,,,,,
Hisui.Core1-15,,「こんな変な恰好……気持ち悪いっ……！」,,,「這種奇怪的打扮……好噁心……！」,
,,,,,,
Hisui.Core1-16,072号,「……それは聖核戦姫の衣装です。貴方の体の中に残っていたエネルギーを発現させました。」,,,「……這是聖核戰姬的服裝。我發揮了您體內殘留的能量。」,
,,,,,,
Hisui.Core1-17,K46号,「なっ！？せ、聖核戦姫っ！？わ、わたしがっ！？」,,,「什麼！？聖核戰姬！？我！？」,
,,,,,,
Hisui.Core1-18,072号,「ええ、残念ですが…。貴方は戦闘員として洗脳される以前は聖核戦姫でした。」,,,「是的，很遺憾…。在您被洗腦成為戰鬥員之前，您是聖核戰姬。」,
,,,,,,
Hisui.Core1-19,K46号,「き、キィーーッ！！そ、そんなっ！？、うそですっ！？」,,,「啊、啊啊啊！！這、這種事！？這不可能的！」,
,,,,,,
Hisui.Core1-20,,「わたしがっ？……あの忌むべき敵の…聖核戦姫だったなんてっ！？」,,,「我！？……竟然是那個該死的敵人的…聖核戰姬！？」,
,,,,,,
Hisui.Core1-21,,「キィーーーッ！！やはり私は財団の為に処分されたほうが…！」,,,「啊啊啊！！果然我應該為了財團而被處置掉…！」,
,,,,,,
Hisui.Core1-22,072号,「心配しないでください。改造によって貴方の聖核エネルギーは完全に消去することが可能です。」,,,「請不要擔心。透過改造，您的聖核能量可以完全清除。」,
,,,,,,
Hisui.Core1-23,,「財団はあなたが過去に聖核戦姫だったことも受け入れます。忠実な下級戦闘員であればいいのです。」,,,「財團也接受您過去是聖核戰姬的事實。只要成為忠實的下級戰鬥員就好。」,
,,,,,,
Hisui.Core1-24,K46号,「き、キィーーーーッ！！」,,,「啊、啊啊啊啊啊！！」,
,,,,,,
Hisui.Core1-25,072号,「では聖核を除去する処置を行います。すこし辛いかもしれませんが耐えてください。」,,,「那麼將進行聖核除去的處置。可能會有些痛苦，請忍耐。」,
,,,,,,
Hisui.Core1-26,K46号,「キィーーーッ！！よろしくお願いいたします！」,,,「啊啊啊啊啊！！拜託了！」,
,,,,,,
Hisui.Core1-27,Hisui core 1-2,ブーーーーンッ……ビシュウウウッッ！！！,,,轟隆隆……嘭嘭嘭！！！,
,,,,,,
Hisui.Core1-28,K46号,「ひうっぅ！？あ゛ああああっっ♥！？」,,,「嗚呃！？啊啊啊啊♥！？」,
,,,,,,
Hisui.Core1-29,,「これっ、…♥レーザーがっ♥……おなかにっ……ひううううっっ♥！？」,,,「這個、…♥激光♥……射中了肚子……嗚呀呀呀♥！？」,
,,,,,,
Hisui.Core1-30,072号,「多少苦痛を伴うかもしれませんが…まあ、我慢してください。」,,,「可能會帶來一些痛苦…嘛，請忍耐。」,
,,,,,,
Hisui.Core1-31,K46号,「き、キィーーーーッ！！はいっ♥！財団の為にっ♥！」,,,「啊、啊啊啊啊啊！！好的♥！為了財團♥！」,
,,,,,,
Hisui.Core1-32,Hisui core 1-3,(はあっ♥、そうは言いましたけど…っ♥！),,,「嗯♥，雖然說過了…♥！」,
,,,,,,
Hisui.Core1-33,,(お腹が……熱いっ……ですっ…♥),,,(肚子……好燙……呢……♥),
,,,,,,
Hisui.Core1-34,,(体中から何かがお腹に集まってきている感じ……っ♥),,,身體各處好像有什麼東西聚集到肚子裡的感覺……♥,
,,,,,,
Hisui.Core1-35,,ギュルルルルッ！！ギュル！,,,咕嚕嚕嚕嚕！！咕嚕！,
,,,,,,
Hisui.Core1-36,,突然K46号のお腹が音を立てる,,,K46號的肚子突然發出聲響。,
,,,,,,
Hisui.Core1-37,K46号,「ひうっ♥！？、も、申し訳ございませんっ！」,,,「唔♥！？抱歉，我、我很抱歉！」,
,,,,,,
Hisui.Core1-38,072号,「いえ、適切な反応です。」,,,「不，這是適當的反應。」,
,,,,,,
Hisui.Core1-39,,「この治療では聖核を凝集させて排出するのが目的です。身を任せなさい。」,,,「這個治療的目的是凝聚聖核並排出。請放心交給我吧。」,
,,,,,,
Hisui.Core1-40,K46号,「はあっ♥、はあっ♥、き、キィーーーーッ！！」,,,「呼♥、呼♥、凱、凱——！！」,
,,,,,,
Hisui.Core1-41,,(ううぅ♥、おなかっ♥苦しい…♥！でもっ…♥がまんしなきゃっ…♥),,,「唔唔♥、肚子♥好痛苦…♥！但是要忍耐…♥」,
,,,,,,
Hisui.Core1-42,Hisui core 1-4,ギュルルルルッ！！ギュル！ブポッ！,,,咕嚕嚕嚕！！咕嚕！嘭！,
,,,,,,
Hisui.Core1-43,K46号,「ひうううぅっ♥！？」,,,「呼呼呼呼♥！？」,
,,,,,,
Hisui.Core1-44,,「お゛っ♥…お゛おっ♥…これっ…♥どうなってぇ…っ♥」,,,「唔唔♥…唔唔♥…這…♥怎麼了…♥」,
,,,,,,
Hisui.Core1-45,,「おしりっ♥……あついいいぃっ♥……！！」,,,「屁股♥……好熱烈呀♥……！！」,
,,,,,,
Hisui.Core1-46,072号,「固形化した聖核が出てきましたね…想定通りの反応です。」,,,「聖核凝固了出來了呢…反應如預期一樣。」,
,,,,,,
Hisui.Core1-47,K46号,「はあっ♥、はあっ♥…んぅっ♥！」,,,「呼♥、呼♥…嗯♥！」,
,,,,,,
Hisui.Core1-48,,(お尻がっ……あつくてっ……出したいっ…♥！我慢できないッ♥！！),,,屁股……好熱呀……想要放出來♥！忍不住了♥！！,
,,,,,,
Hisui.Core1-49,072号,「K46号、聖核の排出を許可します。」,,,「K46號，允許排出聖核。」,
,,,,,,
Hisui.Core1-50,,「き、きぃーーーーッ！！了解…しましたっ！」,,,「啊、啊——！！了解…了！」,
,,,,,,
Hisui.Core1-51,,(これが出て行けばっ♥…私はっ、完全に戦闘員になれるっ♥！),,,這樣就可以出去了♥…我就能完全成為戰鬥員了♥！,
,,,,,,
Hisui.Core1-52,,(だからっ！出て行ってっ…私の中の聖核戦姫っ♥！),,,(所以！出去吧…我內心的聖核戰姬♥！),
,,,,,,
Hisui.Core1-53,,そしてK46号はお尻に力を込めると――――,,,然後K46號集中力量在屁股上———,
,,,,,,
Hisui.Core1-54,Hisui core 1-5,ムリュッ！グリュリュッ！,,,嗚啦—！咕嚕咕嚕—！,
,,,,,,
Hisui.Core1-55,,「ほ゛おっ♥、聖核っ♥、出てますッ！わたしのっ♥」,,,「嗚呀♥、聖核♥、出現了！我的♥」,
,,,,,,
Hisui.Core1-56,,(お゛っ♥、私の中のっ♥、エネルギーっ♥、どんどん消えてるのが分かるっ…けどっ♥),,,「嗚呀♥、我內心的♥、能量♥、正在逐漸消失…但是♥」,
,,,,,,
Hisui.Core1-57,,「でてってぇっ♥！私の中のっ…！聖核戦姫なんてぇっっ♥！」,,,「出去吧♥！我內心的…！聖核戰姬什麼的♥！」,
,,,,,,
Hisui.Core1-58,,「私は財団に忠誠を誓った下級戦闘員っ♥、聖核エネルギーなんて必要ないぃっ♥！！」,,,「我是向財團宣誓忠誠的下級戰鬥員♥，根本不需要聖核能量呀♥！！」,
,,,,,,
Hisui.Core1-59,,ブピッ♥、ブポンッ！,,,噗咚♥、噗噗噗！,
,,,,,,
Hisui.Core1-60,Hisui core 1-6,「ほおっ…♥、お゛っ…♥お゛おっ…♥」,,,「嗚呀…♥、嗚呀…♥嗚呀…♥」,
,,,,,,
Hisui.Core1-61,072号,「聖核残存量0.2％…ほぼ排出しきりましたね。」,,,「聖核殘存量0.2％…幾乎已經完全排出了呢。」,
,,,,,,
Hisui.Core1-62,K46号,「ほ゛おっ♥、き、きぃ――――っ！」,,,「嗚呀♥、啊、啊――――！」,
,,,,,,
Hisui.Core1-63,,「お゛っ♥、あ、あれっ…これっ……♥、ああっ♥！」,,,「嗚呀♥、啊、那個…這個……♥、啊啊♥！」,
,,,,,,
Hisui.Core1-64,Hisui core 1-7,K46号の変身衣装が光と共に消え、戦闘員の服が現れる,,,K46號的變身服裝隨著光芒消失，換上戰鬥員的服裝。,
,,,,,,
Hisui.Core1-65,072号,「ふむ。これで完全にあなたの中の聖核戦姫の力は消えました。」,,,「嗯。這樣一來，你體內的聖核戰姬的力量已經完全消失了。」,
,,,,,,
Hisui.Core1-66,,「これで晴れてあなたは身体の奥底まで下級戦闘員です。」,,,「這樣一來，你終於成為身體深處的一名下級戰鬥員了。」,
,Hisui core 1-8,,,,,
Hisui.Core1-67,K46号,「あっ、わたしっ…これで本当に下級戦闘員に……♥」,,,「啊、我…這樣一來真的成為下級戰鬥員了……♥」,
,,,,,,
Hisui.Core1-68,,「キィーーーーーーッ！！ありがとうございました！」,,,「咦ーーーーーー！！謝謝你們！」,
,,,,,,
Hisui.Core1-69,,「改めて、下級戦闘員K46号です！」,,,「再次確認，我是下級戰鬥員K46號！」,
,,,,,,
Hisui.Core1-70,,「財団に忠誠を！世界に支配と恐怖を！」,,,「為財團效忠！統治世界，帶來恐懼！」,
,,,,,,
Hisui.Core1-71,072号,「ふむ、いいでしょう。K46号これからも財団に尽くしなさい。」,,,「嗯，好吧。K46號，以後也要繼續為財團服務。」,
,,,,,,
Hisui.Core1-72,,「キィーーーーーーッ！！」,,,「咦ーーーーーー！！」,
,,,,,,
Hisui.Core1-73,,(キィーーーーッ！！私はこれで完全にK46号！),,,「咦ーーーーーッ！！我現在完全是K46號！」,
,,,,,,
Hisui.Core1-74,,(下級戦闘員として、好みのすべてを捧げます！！),,,作為下級戰鬥員，我將奉獻所有喜好！！,
,,,,,,
Hisui.Core1-75,,(キィーーーーーーッ！！),,,「咦ーーーーーー！！」,
,,,,,,
Hisui.Core1-76,,(キィーーーーーーッ！！),,,「咦ーーーーーー！！」,
,,,,,,
Hisui.Core1-77,,(キィーーーーーーッ！！),,,「咦ーーーーーー！！」,